SL_Number,Gender,Age,Education,Monthly Income in BDT,Profession,Type_of_M/C_Driving,Purpose of Driving,Daily Driving Time,Driving Experience,License Tenure,History of Accidents During the Last Year,Use of Helmet,"If you are a good driver, it is permissible to drive a little faster","When the road is clear, there is no need to reduce speed at intersections","If there are many motorcyclists who are driving on the wrong side or violating traffic rules, it is permissible to follow them",It is permissible to receive any important phone call while driving a motorcycle,It is not always necessary to reduce speed or yield to pedestrians when they are crossing the road,Punishments for speeding or rule violations should be stricter,Follow road signs and markings while driving the motorcycle,Answer mobile calls while driving the motorcycle,Carry pillion passengers without helmets,Drive a motorcycle while not being physically fit or not having sound mind ,Drive a motorcycle with mechanical problems,"Overtake slow-moving vehicles, like rickshaws, bicycles from the left side to save time",Speeding to cross intersections during red signals or when police signals/stops,Drive a motorcycle with expired documents,Do not pay attention to the pedestrians when they walk or try to cross the road or intersection,Use the minimum path (shortcut) while turning right or left,Drive on the wrong side of the road to avoid traffic congestion at 3 or 4-leg intersections or even to overtake other vehicles,Forget to look at the side mirrors or to put on indicators while changing lanes or turning,Attempt to overtake the vehicle ahead without paying attention to its indicators,Frequently use the horn while driving to prompt vehicles or pedestrians in front to move aside
1,1,2,5,1,4,2,3,2,1,1,1,2,4,4,4,5,5,2,4,2,2,4,4,2,4,1,1,2,2,2,1,2
2,1,3,6,6,1,2,5,1,4,4,1,1,5,5,5,5,5,5,5,1,1,1,1,1,1,1,1,1,1,1,1,1
3,1,3,6,1,4,2,5,2,5,7,1,4,3,5,4,5,5,4,3,3,4,3,3,1,1,5,2,1,1,1,1,4
4,1,3,5,1,4,2,5,2,4,1,1,1,5,5,5,5,5,5,5,1,1,1,1,1,1,1,1,1,1,1,1,1
5,1,3,6,3,1,2,1,1,1,1,2,2,5,4,5,5,5,4,4,1,3,2,2,1,2,1,2,2,2,1,1,2
6,1,2,5,1,4,2,3,2,1,1,1,1,4,5,2,5,4,4,4,2,3,1,1,2,1,1,1,1,2,1,1,3
7,1,2,5,1,4,2,5,2,5,7,2,1,4,4,4,4,4,2,4,1,1,1,1,1,1,1,5,1,1,1,1,4
8,1,3,5,1,4,2,5,1,4,7,1,2,4,2,4,5,4,2,4,1,4,1,1,4,2,2,2,3,2,1,2,2
9,1,3,6,1,4,2,5,1,6,1,1,1,4,5,4,5,5,4,1,1,5,2,1,3,1,1,5,5,5,5,5,3
10,1,2,5,1,4,2,5,1,2,1,1,2,4,4,5,4,5,1,5,1,3,1,1,3,1,1,1,1,1,3,1,4
11,1,3,5,1,4,2,3,2,5,1,2,2,5,5,5,5,5,5,5,3,3,1,1,2,2,3,1,2,2,2,2,5
12,1,3,5,1,4,2,5,2,1,7,2,1,2,3,3,2,3,1,4,2,5,1,2,4,1,1,1,2,1,1,2,1
13,1,3,6,3,1,2,5,1,4,4,2,3,5,5,5,5,5,1,3,1,3,3,1,3,3,2,1,2,2,1,1,5
14,1,4,6,3,2,2,5,3,2,2,1,2,4,3,4,4,4,3,2,2,2,3,2,2,2,1,1,2,1,1,1,2
15,2,5,6,3,1,2,1,2,3,3,1,2,4,3,4,5,4,1,4,2,2,1,1,2,1,1,1,1,1,1,1,2
16,2,4,5,2,2,2,1,3,4,4,2,2,4,4,4,4,4,3,4,2,2,2,1,1,1,1,1,1,1,1,1,2
17,1,7,5,4,1,2,5,2,6,6,1,2,4,5,4,4,4,4,4,2,3,2,2,2,1,1,1,1,1,1,2,2
18,1,2,2,1,3,1,6,5,1,7,2,3,4,4,4,4,4,3,4,2,3,2,1,2,1,4,1,2,2,1,1,2
19,1,3,3,2,3,1,6,4,2,2,1,2,2,4,4,4,4,4,4,2,2,2,1,2,1,1,1,1,2,1,1,2
20,1,3,2,1,3,1,6,4,2,2,1,2,4,4,4,4,4,5,4,2,2,2,1,2,2,1,1,1,1,1,1,2
21,1,5,6,3,1,2,1,2,3,3,1,2,4,4,5,4,4,5,4,2,2,2,1,1,1,1,1,1,1,1,1,1
22,1,3,4,1,5,2,5,3,1,1,1,2,4,4,4,4,4,4,3,3,3,2,2,2,3,1,1,1,2,2,1,3
23,1,8,6,3,1,2,5,2,6,6,1,1,4,4,4,5,4,4,4,2,2,2,1,2,1,1,1,1,1,1,1,2
24,1,4,4,2,2,2,1,3,3,3,1,2,4,4,4,4,1,5,4,2,3,3,2,2,1,1,1,1,1,1,1,3
25,2,3,5,1,4,2,3,2,2,2,1,1,4,4,4,4,4,5,4,2,2,1,1,1,1,1,1,1,1,1,1,2
26,1,2,4,1,3,1,6,4,1,1,2,2,2,4,3,3,4,5,4,2,3,2,2,2,2,1,1,1,2,1,1,3
27,1,3,6,2,2,2,1,2,2,1,1,2,2,4,4,4,4,4,4,2,4,2,2,2,1,2,1,1,1,2,1,3
28,1,4,5,2,2,2,5,2,2,2,1,2,4,4,4,4,4,5,4,2,3,2,2,1,1,1,1,1,1,1,1,3
29,1,8,5,4,5,2,5,2,6,6,1,2,4,4,4,4,4,5,4,1,2,1,1,1,1,2,1,1,1,1,1,1
30,1,8,4,2,1,2,1,2,5,5,1,2,4,5,4,5,4,5,4,2,3,2,2,1,1,1,1,1,1,1,1,4
31,1,6,5,2,3,1,6,4,2,2,2,1,4,4,4,4,4,4,5,2,1,2,1,1,1,1,1,1,1,1,1,2
32,1,2,4,1,3,1,6,3,1,1,1,2,4,4,4,4,5,5,5,2,1,1,1,2,3,1,1,2,3,1,1,3
33,1,3,2,1,3,1,6,4,2,1,2,2,2,2,2,4,4,5,3,2,4,2,2,3,3,2,1,1,1,3,2,4
34,1,6,2,2,3,1,6,5,3,2,1,2,2,4,2,4,4,4,3,3,4,2,2,3,3,1,1,2,1,1,1,3
35,1,6,1,2,3,1,6,5,4,3,1,2,2,5,2,4,4,5,4,4,4,2,2,2,2,2,1,2,2,1,1,3
36,1,5,4,2,1,2,1,2,3,3,1,2,2,2,2,4,4,2,3,2,4,2,2,2,3,2,2,1,1,1,1,4
37,1,6,5,3,2,2,1,3,4,4,2,2,4,4,4,4,4,5,5,2,2,2,2,2,1,1,1,1,2,2,1,3
38,1,3,5,1,4,2,5,2,2,2,2,2,4,4,4,4,4,4,4,2,2,2,1,2,1,1,1,1,1,1,1,3
39,1,3,4,1,3,1,6,3,1,2,1,2,2,4,4,4,4,5,5,2,1,1,1,2,1,1,1,1,1,1,1,3
40,1,4,6,2,1,2,5,2,2,2,2,2,4,5,4,2,4,5,4,1,2,2,2,2,1,1,1,2,2,3,2,3
41,2,6,2,2,3,1,6,5,4,3,2,3,4,3,4,4,4,5,3,2,4,2,2,2,2,3,2,1,1,1,1,3
42,1,5,1,2,3,1,6,4,3,3,1,4,2,4,2,4,4,5,3,2,4,2,2,2,2,3,1,1,2,1,2,3
43,1,3,3,2,3,1,6,5,2,2,2,3,4,5,4,4,5,5,3,2,4,2,2,2,2,2,2,2,2,2,1,3
44,1,6,2,1,3,1,6,4,4,2,1,3,4,4,4,3,4,4,3,2,4,2,2,2,2,3,1,1,3,2,2,4
45,1,4,6,2,2,2,5,3,2,2,1,2,4,4,4,4,4,4,4,2,2,1,1,2,2,2,1,1,1,2,2,2
46,1,4,4,2,1,2,1,2,2,2,1,2,4,2,4,4,4,4,3,2,3,2,1,2,1,2,1,1,1,1,1,3
47,2,3,6,2,2,2,1,3,1,1,1,1,4,4,4,4,4,4,4,2,2,2,1,2,1,1,1,1,1,1,1,2
48,1,7,3,2,2,2,1,3,6,6,1,2,4,1,4,4,4,5,4,2,4,2,2,3,2,1,1,1,1,1,1,3
49,2,4,4,2,1,2,1,2,2,2,1,2,2,4,4,4,4,4,4,1,2,2,1,1,1,1,1,1,1,1,1,1
50,1,4,6,2,3,2,1,2,2,2,2,2,3,4,4,4,4,2,3,2,3,2,2,2,2,1,1,1,1,1,1,3
51,2,7,4,3,1,2,1,2,6,6,1,2,4,4,4,4,4,4,5,1,1,2,1,1,1,1,1,1,1,2,1,3
52,1,5,5,2,2,2,5,2,2,3,2,2,2,4,4,4,4,4,4,2,2,1,1,3,2,1,1,1,1,2,1,3
53,1,2,5,3,3,2,5,3,1,1,1,2,3,3,4,3,5,4,4,3,2,3,2,4,4,1,3,1,5,4,5,3
54,1,2,5,1,5,2,3,1,1,1,2,2,4,4,4,4,4,3,5,3,2,1,2,2,1,1,1,1,2,2,2,2
55,1,2,5,1,4,2,5,2,3,1,2,2,4,2,4,4,4,4,4,1,3,1,1,1,1,1,1,1,1,1,1,2
56,1,2,5,1,4,2,5,1,3,1,1,2,4,4,5,5,4,4,4,1,3,1,1,2,1,1,1,2,1,1,1,2
57,1,2,4,1,4,2,5,4,3,1,2,2,3,3,2,3,2,2,2,3,5,3,3,2,3,3,1,1,4,2,1,2
58,1,3,6,2,3,1,6,2,4,1,2,2,2,4,5,5,5,5,5,2,3,3,2,1,1,2,1,1,1,1,1,2
59,1,5,5,1,2,1,6,2,2,2,3,2,4,4,4,4,4,4,4,3,2,2,2,3,2,2,2,2,1,2,2,1
60,1,2,5,1,3,2,5,2,2,1,2,2,2,4,4,4,4,2,5,1,3,1,1,1,1,3,5,5,1,1,1,1
61,1,3,6,1,5,2,5,3,6,1,2,3,2,5,5,5,5,5,3,4,4,2,2,2,2,3,5,2,2,1,1,2
62,1,2,5,1,4,2,5,3,2,1,2,3,4,5,5,5,5,1,3,1,3,1,1,3,1,1,1,1,1,1,1,3
63,1,3,6,1,5,2,1,2,3,3,1,1,5,4,4,5,5,2,5,5,4,4,5,2,4,1,5,3,4,3,4,2
64,1,3,5,2,1,2,1,2,2,1,1,1,2,4,4,4,4,2,4,1,3,3,1,2,1,1,1,1,1,2,1,1
65,1,3,5,2,2,2,1,2,2,1,1,1,4,4,4,4,4,2,4,3,3,1,1,1,2,2,2,2,2,2,2,2
66,1,2,5,1,4,2,3,1,1,1,1,2,2,5,5,5,5,1,4,1,5,3,2,2,5,1,1,1,1,1,1,5
67,1,3,6,2,1,2,1,2,1,1,1,1,5,3,4,2,4,2,4,2,2,1,1,2,1,1,5,1,1,4,1,3
68,1,3,6,2,5,2,5,3,1,1,1,1,4,4,5,4,3,3,4,2,1,1,1,2,1,1,3,1,1,2,1,2
69,1,3,6,2,5,2,1,3,1,1,2,1,5,4,5,3,5,3,4,2,2,2,1,2,1,1,2,1,1,3,1,3
70,1,8,5,2,2,1,6,2,4,4,2,2,4,4,4,4,4,4,4,3,4,2,1,3,2,2,1,2,2,2,2,2
71,2,2,4,1,4,2,3,1,1,1,1,3,4,4,5,4,4,4,4,3,4,1,2,2,1,1,1,2,1,2,1,1
72,1,1,3,1,4,2,4,1,1,1,1,3,4,4,4,4,4,1,2,4,5,2,2,3,2,4,4,4,4,3,4,4
73,1,2,5,1,4,2,3,2,3,7,2,5,2,2,2,2,2,2,1,1,1,1,1,1,1,1,1,1,1,1,1,1
74,1,2,4,1,3,1,6,1,2,1,2,1,2,1,5,5,5,1,4,1,1,1,1,1,1,1,1,1,1,1,1,1
75,2,4,5,2,1,2,1,1,1,1,2,2,3,2,4,3,4,3,4,3,4,1,1,2,1,1,2,2,2,3,2,1
76,1,2,3,1,3,2,4,3,2,1,2,3,4,5,5,5,5,1,3,5,5,3,4,2,1,4,4,4,4,4,4,4
77,1,7,6,3,2,1,6,2,6,6,2,2,4,4,4,4,4,3,4,3,4,2,2,2,2,1,2,2,1,2,1,1
78,1,3,3,1,3,1,4,3,2,1,2,1,4,3,4,4,4,1,2,5,5,2,2,4,5,4,4,4,5,4,4,4
79,1,2,5,1,2,2,5,2,1,1,2,1,2,2,2,2,2,2,5,1,1,2,1,1,1,1,5,5,5,4,4,5
80,1,3,6,3,2,2,1,3,1,1,1,1,4,3,4,3,4,4,4,2,3,2,1,2,1,1,2,1,1,3,2,1
81,1,3,6,1,5,2,5,3,3,3,2,1,3,2,2,2,2,5,4,2,2,2,1,2,3,1,5,2,1,2,3,3
82,1,3,6,2,2,2,1,2,3,3,2,1,5,3,5,2,4,5,4,3,2,2,1,3,1,1,2,1,2,3,2,4
83,1,4,6,2,2,2,1,3,1,1,2,1,5,2,5,2,4,5,5,3,2,2,1,3,1,1,2,2,1,3,1,3
84,1,3,3,2,3,2,1,2,3,2,2,2,2,2,3,2,4,3,3,3,3,3,4,4,3,2,3,2,2,4,3,2
85,2,2,5,1,4,2,3,2,1,1,3,1,3,3,4,4,4,2,4,2,2,1,1,2,1,1,2,2,2,1,2,2
86,1,5,2,1,5,1,6,5,3,3,4,1,2,4,3,4,4,2,4,3,2,3,2,3,2,3,2,3,2,2,2,2
87,1,2,5,1,4,2,5,1,1,7,1,1,2,5,5,4,1,1,4,1,1,1,1,1,1,2,1,1,1,1,1,2
88,1,2,6,1,4,2,5,2,1,1,1,3,4,4,4,4,4,1,2,2,4,2,1,1,1,1,1,1,1,1,1,1
89,1,1,5,1,4,2,3,2,1,1,1,2,4,1,4,1,4,1,4,2,2,2,2,2,2,1,2,2,2,1,1,1
90,1,3,6,1,4,2,5,1,5,7,1,2,4,5,5,4,5,1,2,3,3,1,1,4,2,3,1,2,1,1,1,5
91,1,2,5,1,3,1,5,2,2,7,1,2,5,5,5,5,5,4,5,1,1,1,1,1,1,1,1,1,1,1,1,1
92,1,3,6,1,4,2,5,1,1,1,1,3,2,2,4,3,4,2,2,2,3,1,4,1,4,4,4,4,4,4,3,3
93,1,3,5,1,4,2,3,2,2,2,1,3,2,4,4,4,4,4,5,2,3,1,1,2,1,1,1,1,1,1,1,1
94,1,3,5,1,4,2,5,1,4,7,2,3,2,4,3,4,4,1,3,3,3,1,1,2,1,3,2,2,3,3,3,2
95,1,3,5,1,4,2,3,2,2,2,1,1,1,2,2,2,2,2,1,1,3,3,3,1,1,2,2,2,3,2,2,1
96,1,2,6,2,2,1,3,2,2,2,1,1,1,1,3,3,1,3,3,1,2,2,2,2,2,2,2,2,2,1,2,3
97,1,3,1,6,3,1,2,4,3,2,3,3,2,1,2,3,1,3,1,2,2,1,2,2,2,2,1,2,3,2,2,2
98,1,6,4,3,1,2,1,3,5,6,1,2,5,4,5,4,5,2,4,2,2,2,2,2,2,1,4,4,2,2,2,2
99,1,3,6,2,2,2,1,2,2,2,2,2,5,2,4,2,4,5,4,3,3,2,1,2,2,1,5,2,1,3,1,3
100,1,2,5,1,4,2,3,1,1,1,1,1,4,4,4,4,4,4,3,5,4,4,4,5,5,1,1,1,2,2,1,1
101,1,4,5,3,3,2,2,2,3,3,1,2,4,1,4,2,4,2,4,2,2,2,1,3,1,3,2,2,1,3,2,4
102,1,6,6,3,3,2,5,3,4,4,2,1,4,2,4,3,3,2,5,2,2,1,1,3,1,2,4,2,1,1,1,3
103,1,2,5,1,4,2,5,1,3,1,1,2,4,5,5,5,2,5,4,1,2,2,1,1,1,1,1,1,1,1,2,1
104,1,4,4,4,1,2,2,3,2,3,3,2,1,2,2,1,2,2,1,2,2,1,1,2,2,2,2,1,2,2,1,1
105,1,2,3,4,4,1,2,3,3,4,3,3,2,2,2,1,1,2,1,2,2,2,1,2,2,1,2,2,1,2,2,2
106,1,2,5,3,1,2,1,2,2,2,2,2,3,1,1,3,1,3,3,1,3,1,3,1,3,2,2,2,1,1,2,1
107,2,3,6,3,1,2,1,3,3,3,1,2,2,1,2,1,2,1,1,3,3,1,3,1,1,2,3,3,2,3,2,3
108,1,2,5,1,4,2,6,1,1,1,1,2,4,4,4,4,4,4,1,1,1,2,2,2,1,3,2,3,2,1,3,1
109,1,4,5,3,2,2,6,2,6,4,2,1,4,4,4,4,4,4,2,2,3,1,1,2,3,3,2,2,1,2,1,2
110,1,5,4,2,3,1,5,6,2,2,2,1,4,2,4,2,4,5,4,2,2,2,1,2,4,2,5,2,2,1,1,3
111,1,3,6,1,5,2,5,2,2,2,1,2,4,1,4,2,4,2,4,2,2,2,1,3,2,2,5,2,1,2,1,4
112,1,4,5,1,4,2,3,2,2,2,3,1,4,4,4,2,4,1,4,3,3,2,1,3,2,1,2,2,2,3,1,4
113,1,4,5,3,5,2,3,3,2,2,3,1,4,2,2,2,4,2,5,3,4,2,1,3,1,1,5,3,2,2,5,4
114,1,5,4,4,3,2,2,2,4,4,1,2,4,2,2,2,4,5,4,3,2,2,1,3,1,2,5,4,2,2,1,3
115,1,2,5,1,4,2,3,2,2,2,1,1,4,4,5,4,5,2,5,1,2,2,1,2,1,1,5,2,1,1,1,2
116,1,3,6,3,2,2,1,2,3,3,1,1,4,4,4,2,4,5,4,2,3,2,1,3,2,1,5,2,2,1,1,3
117,1,3,5,1,4,2,3,2,2,2,1,2,4,4,5,4,5,2,4,2,3,2,1,2,1,1,5,2,3,5,1,4
118,1,6,6,2,5,2,5,2,6,1,2,2,2,4,5,3,5,2,4,1,4,3,3,2,1,1,2,2,2,1,2,1
119,1,3,5,1,4,2,3,2,4,3,1,2,2,3,3,3,3,3,3,3,3,2,1,2,3,1,3,3,3,2,2,3
120,1,2,5,2,4,2,5,2,5,1,1,2,3,4,4,2,4,3,5,3,3,3,2,2,1,1,1,1,2,1,1,3
121,1,6,6,4,3,2,5,3,6,4,1,5,4,4,4,4,1,1,3,3,4,5,4,4,4,3,1,1,3,1,3,3
122,1,3,5,1,4,2,5,2,2,2,1,1,5,5,5,5,5,1,5,1,5,1,1,1,1,1,1,1,1,1,1,1
123,1,5,4,2,3,1,6,6,2,2,1,1,4,4,3,3,5,4,5,2,1,3,1,3,2,1,1,1,2,1,1,4
124,1,3,4,2,3,1,6,6,3,3,2,2,5,2,3,2,3,5,5,2,2,3,1,3,2,2,4,2,3,5,1,3
125,1,3,5,1,4,2,3,2,2,2,1,2,4,3,5,2,5,3,4,2,3,2,1,2,2,1,5,3,2,3,1,3
126,1,5,4,3,3,2,5,2,4,4,1,2,4,2,3,2,2,5,3,3,5,3,1,3,2,2,5,3,2,5,1,2
127,1,3,5,1,5,2,4,2,2,2,3,2,4,2,4,2,5,3,4,2,4,2,1,3,2,1,5,2,2,5,1,2
128,1,4,4,2,3,1,6,6,4,4,1,1,5,4,5,4,5,3,4,2,1,3,1,2,1,2,5,3,2,4,1,3
129,1,2,4,1,4,2,3,3,1,1,2,2,4,4,4,2,5,2,4,1,3,2,1,2,2,1,5,2,2,3,1,4
130,1,3,6,3,2,2,1,3,2,2,1,2,4,4,5,4,5,3,4,1,3,2,1,2,2,1,5,2,2,1,1,2
131,1,3,6,3,2,2,1,2,1,1,2,2,4,4,5,4,5,2,4,2,4,3,1,2,1,1,5,3,3,1,2,1
132,1,2,4,1,4,2,5,3,1,1,2,2,5,2,4,2,4,4,4,3,5,2,1,3,1,1,5,3,2,2,1,2
133,1,4,4,2,1,2,1,2,4,4,2,1,3,5,5,5,5,2,4,1,1,3,3,1,1,2,1,1,1,1,1,3
134,1,2,5,1,4,2,3,3,3,3,2,2,4,4,4,4,4,2,4,2,3,4,4,4,4,2,1,3,2,4,3,3
135,1,2,5,1,4,1,3,2,2,2,2,2,4,3,3,2,3,4,4,2,4,3,1,3,1,1,5,3,2,3,1,4
136,1,3,6,3,2,2,1,3,1,1,2,1,4,3,5,4,4,2,4,4,3,3,1,2,1,1,4,2,1,3,2,2
137,1,3,5,1,5,2,5,3,1,1,2,2,4,2,4,2,4,2,4,3,4,2,1,3,1,1,5,3,2,1,3,3
138,1,3,6,3,3,2,5,2,3,3,2,2,4,4,4,2,4,3,2,4,3,2,1,2,4,1,5,4,5,4,2,4
139,1,3,4,2,3,1,6,6,2,2,2,2,4,2,4,2,5,4,4,2,3,3,1,3,1,1,4,3,2,2,1,2
140,1,5,6,3,2,2,1,2,3,3,1,1,5,4,5,4,5,2,5,1,2,2,1,2,1,1,4,2,2,3,1,2
141,1,3,4,5,3,2,5,2,4,3,1,2,4,2,3,2,4,3,4,3,3,2,1,2,1,2,4,3,2,1,1,3
142,1,5,3,4,3,2,5,2,4,4,1,3,4,2,2,2,3,4,4,2,3,2,1,2,1,2,4,2,2,3,1,3
143,1,3,6,2,5,2,5,2,1,1,1,1,5,4,5,4,4,3,4,2,3,1,1,2,1,1,1,2,1,5,1,1
144,1,2,5,1,4,2,3,2,1,1,1,2,5,2,5,2,4,5,5,2,4,1,1,3,1,1,1,2,2,3,1,2
145,1,3,6,3,5,2,5,3,3,3,1,2,4,4,5,4,4,2,4,2,3,1,1,3,1,1,4,4,2,2,1,2
146,1,4,4,4,3,2,5,2,2,2,1,2,4,2,3,4,4,3,4,2,3,1,2,2,1,1,4,1,2,3,5,2
147,1,2,5,1,4,2,3,3,1,1,1,1,5,4,5,4,4,3,4,2,3,2,1,2,1,1,5,2,1,3,1,2
148,1,3,6,4,2,2,1,2,2,2,1,2,4,2,5,2,4,5,4,3,4,1,1,2,1,1,4,2,2,3,1,1
149,1,5,6,4,2,2,1,2,4,4,1,1,4,3,5,4,3,4,5,2,3,2,1,2,1,1,5,2,1,1,1,1
150,1,3,6,1,5,2,5,2,1,1,1,2,5,4,4,2,4,5,5,2,3,1,1,2,3,1,5,2,1,2,1,3
151,1,2,4,1,5,1,6,5,1,1,1,1,3,3,5,3,4,3,5,1,1,3,1,1,1,1,4,2,1,2,1,1
152,1,2,4,1,5,2,5,2,1,1,1,2,4,2,3,2,4,5,5,2,3,1,1,1,1,1,4,2,3,3,2,1
153,1,3,5,1,4,2,3,2,2,2,1,1,5,4,4,4,4,2,5,1,2,1,1,1,1,1,4,1,2,2,1,1
154,1,3,5,1,4,2,3,2,2,2,1,1,5,4,4,4,4,2,5,1,2,1,1,1,1,1,4,1,2,2,1,1
155,1,6,4,4,3,2,5,2,3,3,1,2,3,3,3,3,4,4,4,2,3,1,1,1,1,1,4,1,1,2,2,1
156,1,4,4,2,3,1,6,6,2,2,1,1,5,4,4,4,3,5,5,3,2,2,1,1,1,1,4,2,1,1,1,1
157,1,3,5,1,4,2,5,2,2,2,1,1,5,5,5,5,5,1,5,2,1,1,1,1,1,1,1,1,1,1,1,1
158,1,2,5,1,4,2,3,2,2,1,1,1,2,4,5,5,5,1,2,1,1,1,1,1,1,1,1,1,1,1,1,1
159,1,7,5,3,2,2,1,3,4,4,2,2,4,4,4,4,4,4,4,2,2,2,2,3,2,2,3,2,4,2,2,2
160,1,4,5,2,1,2,1,3,3,3,1,1,2,5,5,5,5,1,1,1,1,1,1,1,1,1,1,1,1,1,1,1
161,1,3,6,3,1,2,1,3,2,2,1,1,2,5,5,5,5,1,1,1,1,1,1,1,1,1,1,1,1,1,1,1
162,1,4,6,3,2,2,1,2,4,4,1,1,2,5,5,5,5,1,1,1,1,1,1,1,1,1,1,1,1,1,1,1
163,1,2,4,1,2,2,2,2,1,1,2,1,2,5,5,5,5,1,1,1,1,1,1,1,1,1,1,1,1,1,1,1
164,1,3,5,1,4,2,2,2,1,1,1,5,3,5,5,4,5,1,1,1,1,1,1,1,1,1,1,1,1,1,1,1
165,2,3,3,2,3,2,5,2,3,3,1,2,4,4,4,3,4,2,4,2,2,4,4,4,4,2,2,2,2,3,2,3
166,1,3,6,2,3,2,1,4,3,3,1,1,5,5,5,5,5,5,5,2,2,1,1,1,1,1,1,1,1,1,1,1
167,1,4,6,2,1,2,1,2,4,4,1,1,5,5,5,5,5,2,5,2,1,1,1,1,1,1,1,1,1,1,1,1
168,1,2,5,1,4,2,5,2,1,1,1,2,5,5,5,5,5,5,5,3,3,1,1,1,1,1,1,1,1,1,1,1
169,1,7,2,1,5,1,6,5,5,4,3,2,2,2,2,2,2,3,4,3,4,2,2,2,2,3,3,4,3,2,2,4
170,1,3,4,2,2,2,1,3,2,2,1,1,5,5,5,5,5,5,5,2,1,1,1,1,1,1,1,1,1,1,1,1
171,1,3,5,2,2,2,1,2,4,4,1,2,5,5,5,5,5,5,5,2,1,1,1,1,1,1,1,1,1,1,1,1
172,1,4,6,3,2,2,5,2,6,6,1,1,5,5,5,5,5,5,5,1,1,1,1,1,1,1,1,1,1,1,1,1
173,1,3,5,1,4,2,5,1,4,7,1,2,3,3,3,3,3,2,3,1,2,2,2,4,3,2,1,3,2,3,1,2
174,1,2,5,1,4,2,5,1,3,7,1,4,4,2,4,3,2,2,2,1,3,2,2,1,1,5,1,2,1,3,1,4
175,1,3,4,2,1,2,1,5,5,4,1,2,5,4,5,5,5,2,4,1,3,3,2,1,1,1,1,1,1,1,1,5
176,1,3,5,1,3,1,1,4,2,2,1,1,4,4,4,5,5,2,5,1,1,1,1,1,1,1,1,1,1,1,1,1
177,1,4,6,2,3,1,3,5,3,2,1,1,5,4,5,5,5,2,5,1,1,1,1,1,1,1,1,1,1,1,1,4
178,1,3,4,1,3,2,5,1,3,7,1,3,4,4,3,4,5,2,4,2,4,2,1,2,3,2,1,2,3,3,1,3
179,1,5,5,2,2,2,1,2,3,2,2,1,2,4,5,5,5,2,5,1,2,2,1,1,2,2,1,1,2,1,1,2
180,1,2,5,1,4,2,3,2,1,7,2,2,2,4,5,5,5,2,4,4,4,3,1,1,2,3,2,3,2,2,1,3
181,1,4,5,1,3,2,5,2,6,4,1,1,1,4,5,4,5,2,3,2,3,3,5,4,3,1,1,5,2,5,1,4
182,1,3,5,1,3,2,5,1,5,1,1,1,2,4,5,5,5,2,5,3,3,2,1,2,2,1,1,1,1,1,1,4
183,1,3,5,1,4,2,3,3,2,7,2,2,2,4,4,5,5,2,4,2,4,3,1,1,2,3,1,2,2,2,1,1
184,1,4,5,3,3,2,5,1,3,1,1,1,4,5,4,1,5,2,5,2,1,1,1,1,1,1,1,2,1,2,1,4
185,1,5,3,4,3,2,3,2,6,5,1,1,4,5,4,4,5,2,3,1,1,3,1,2,1,1,1,1,1,1,1,5
186,1,3,5,1,5,2,3,2,3,2,1,1,4,4,4,4,5,2,4,3,1,3,4,1,1,2,1,1,3,1,1,3
187,1,3,6,1,2,2,1,3,3,3,1,1,4,4,4,4,5,2,4,3,1,3,4,2,2,2,1,1,3,1,1,3
188,1,2,5,1,4,2,3,1,6,1,1,2,2,4,4,4,5,2,4,2,2,3,1,4,1,3,5,1,1,1,1,1
189,1,2,5,1,4,2,3,3,4,7,1,2,2,4,4,5,5,2,4,1,3,1,1,4,3,3,1,3,3,1,3,4
190,1,1,3,5,1,2,2,3,1,3,1,2,4,4,4,4,5,2,3,2,2,1,1,2,1,1,4,1,1,2,1,2
191,1,2,5,1,4,2,3,2,3,1,1,1,4,4,4,4,5,2,4,3,1,3,4,2,1,1,1,1,3,1,1,3
192,1,2,4,2,2,2,1,2,1,2,1,1,2,4,4,4,5,2,5,1,1,1,1,1,1,1,5,1,1,1,3,3
193,1,6,2,2,2,2,2,3,1,7,1,3,2,2,4,2,5,2,5,1,1,1,1,3,1,1,5,1,1,5,1,3
194,1,2,5,1,4,2,5,1,1,7,1,3,1,5,1,5,5,2,5,1,1,1,1,3,1,1,5,1,1,5,1,3
195,1,2,3,1,4,2,5,2,2,4,2,3,5,4,1,4,5,2,3,3,4,1,3,5,1,5,4,1,1,1,1,5
196,1,3,5,1,5,2,3,2,6,4,2,2,1,3,1,3,5,2,3,3,1,1,1,3,1,5,3,3,1,1,1,1
197,1,3,5,1,5,2,5,1,1,4,2,4,4,2,1,2,5,2,2,1,1,1,1,5,5,3,4,1,1,1,3,4
198,1,4,3,1,2,1,2,2,2,6,2,1,4,4,4,4,5,2,5,1,1,1,1,1,1,3,1,1,1,1,1,1
199,1,2,5,1,4,2,5,3,6,2,2,2,2,2,4,4,5,2,4,1,2,2,1,2,1,1,1,3,1,1,1,1
200,1,3,5,1,3,2,4,3,3,4,2,2,4,5,5,4,5,2,2,2,1,3,1,4,3,3,1,4,1,1,1,1
201,1,7,3,3,2,1,2,5,2,2,2,1,2,2,4,3,5,2,4,1,1,2,1,2,1,1,4,3,1,1,1,3
202,1,2,5,2,3,2,3,2,2,2,3,1,2,2,4,4,5,2,4,1,1,1,1,3,3,2,1,3,2,1,1,2
203,1,3,5,1,4,2,3,2,4,2,2,1,2,5,5,5,5,2,4,1,1,1,1,3,3,2,2,5,1,2,1,1
204,1,3,6,3,3,2,3,3,3,2,2,1,2,5,4,5,5,2,5,1,3,2,1,2,2,1,1,5,1,1,1,2
205,1,4,4,2,3,1,2,4,4,2,3,1,2,4,4,4,5,2,4,2,2,3,1,4,1,1,1,3,3,1,1,3
206,1,2,5,1,4,2,3,3,3,2,2,1,2,5,5,5,5,2,4,1,1,1,3,3,3,1,1,3,1,1,1,1
207,1,6,6,5,2,2,1,2,6,5,2,1,4,5,4,4,5,2,5,2,1,1,1,1,1,1,5,1,1,5,1,1
208,1,2,5,2,3,2,3,3,5,2,2,2,2,2,5,5,5,2,5,3,2,1,1,3,2,1,1,4,1,1,1,2
209,1,1,5,1,4,2,4,2,4,7,2,1,2,2,3,4,5,2,3,2,4,1,2,1,1,4,5,4,1,4,1,4
210,1,7,5,3,2,2,2,2,6,6,2,3,2,2,2,3,5,2,2,2,3,3,2,3,3,2,1,2,3,1,3,2
211,1,4,6,3,1,1,2,2,4,3,2,1,4,4,5,2,5,2,5,1,1,1,1,1,2,1,1,1,1,1,1,1
212,1,3,6,3,1,1,3,3,2,2,2,1,4,4,5,4,5,2,5,1,1,1,2,2,2,1,1,2,1,1,1,3
213,1,3,4,1,3,2,4,5,1,1,2,1,4,4,5,5,5,2,4,2,1,3,1,2,3,1,1,2,1,2,1,3
214,1,4,3,2,3,1,2,4,4,4,2,2,3,4,4,5,5,2,4,3,1,1,1,2,2,1,1,3,1,2,1,3
215,1,4,4,1,3,1,2,4,3,3,1,1,2,4,4,1,5,2,5,1,1,1,1,1,1,1,1,2,1,2,1,2
216,1,3,6,2,1,2,1,2,1,1,2,1,5,5,5,4,5,2,5,1,1,1,1,1,1,1,1,3,2,3,1,2
217,1,4,6,3,1,2,1,2,4,3,1,1,2,4,5,5,5,2,5,1,2,1,1,1,1,1,1,1,1,1,1,3
218,1,6,4,2,3,2,4,5,2,2,1,3,4,4,2,4,5,2,4,2,1,2,2,3,2,1,1,2,1,1,2,3
219,1,3,4,2,2,2,1,3,2,1,1,2,1,3,4,5,5,2,4,2,2,2,1,3,3,1,1,3,3,1,1,2
220,3,3,3,2,2,2,3,3,3,3,1,1,1,4,4,5,5,2,4,2,3,3,1,1,1,1,1,2,2,1,3,3
221,1,2,4,1,4,2,5,2,2,7,1,2,4,2,5,5,5,2,3,1,3,1,1,3,1,1,5,1,3,5,1,3
222,1,5,4,3,3,2,1,1,3,3,1,1,5,5,5,5,5,2,5,1,1,1,1,1,1,1,5,1,1,1,1,1
223,1,4,5,2,2,1,1,6,3,2,2,1,5,5,5,5,5,2,5,1,1,1,1,1,1,1,1,3,1,1,1,5
224,1,2,2,2,3,1,2,6,1,2,2,1,1,2,4,4,5,2,4,1,2,2,2,1,1,1,1,3,3,1,1,1
225,1,3,6,2,3,2,2,4,2,2,1,1,4,4,4,4,5,2,4,1,1,1,2,1,2,2,1,1,3,2,2,2
226,1,4,3,1,2,1,2,6,6,2,1,1,2,5,5,5,5,2,5,1,1,1,1,3,1,3,5,1,1,3,1,1
227,3,3,1,2,1,1,2,4,4,1,1,1,4,5,5,5,5,2,5,1,1,1,1,1,3,1,5,1,1,5,1,3
228,1,3,4,1,2,1,2,4,1,1,1,1,2,5,5,5,5,2,3,1,1,1,3,3,1,1,5,1,1,5,1,1
229,1,3,5,3,1,2,2,1,5,3,2,1,2,5,5,5,5,2,3,3,1,1,1,2,1,1,1,1,1,1,1,3
230,1,2,4,1,4,2,5,1,5,7,1,4,5,5,2,5,5,2,5,1,4,1,1,1,1,5,1,1,1,1,1,1
231,1,3,5,2,2,2,1,2,1,1,1,1,3,4,5,5,5,2,4,1,1,3,1,4,1,1,1,1,1,1,1,3
232,1,3,5,3,1,2,2,1,4,3,1,1,2,4,5,5,5,2,3,1,3,1,1,1,1,2,1,1,1,1,1,1
233,1,2,4,4,4,2,5,1,2,1,1,3,1,1,2,5,5,2,1,1,1,1,2,1,1,1,1,3,4,1,1,1
234,1,1,3,1,4,2,4,3,3,7,1,1,5,5,5,5,5,2,5,1,3,1,3,1,1,2,5,1,1,1,1,5
235,1,3,4,1,4,2,5,2,4,6,2,1,4,5,5,5,5,2,5,1,5,2,3,3,1,4,5,3,3,3,5,2
236,1,6,5,3,3,1,2,6,1,1,2,1,3,3,3,5,5,2,3,1,1,1,3,3,1,3,3,3,1,4,3,3
237,1,4,5,2,2,2,1,2,2,2,2,1,5,5,4,4,5,2,5,2,1,1,1,1,1,1,2,1,1,2,1,3
238,1,4,4,4,3,1,2,2,3,6,2,1,4,4,4,4,5,2,5,1,3,1,1,1,1,4,1,1,1,1,1,2
239,1,4,4,1,4,2,4,2,1,4,2,2,3,4,4,3,5,2,2,3,3,2,1,3,2,2,2,3,2,1,1,2
240,1,3,4,1,4,2,5,1,2,4,2,2,4,4,5,4,5,2,5,1,3,2,2,2,2,5,1,2,2,2,1,2
241,1,3,5,1,4,2,3,2,1,6,2,1,3,4,4,5,5,2,4,2,1,3,2,1,3,3,5,5,2,3,5,3
242,1,4,5,1,3,2,3,3,3,6,2,3,2,4,4,3,5,2,3,2,1,3,1,4,4,4,1,4,1,1,1,2
243,1,6,6,1,3,2,3,5,1,1,2,1,2,4,2,3,5,2,4,2,1,1,1,1,1,1,5,1,2,2,1,5
244,1,4,6,1,4,2,4,6,1,2,2,1,2,2,2,3,5,2,5,3,1,2,2,3,4,5,1,2,2,5,3,3
245,1,6,3,2,3,1,3,6,2,6,2,1,4,4,2,4,5,2,5,1,1,1,1,3,2,1,1,3,1,4,2,2
246,1,4,5,2,2,2,1,1,2,2,2,1,4,2,4,3,5,2,3,3,3,4,1,4,1,1,1,4,1,5,3,5
247,1,4,5,1,3,2,2,2,6,2,4,1,2,2,4,3,5,2,4,3,1,4,3,4,4,4,4,3,1,5,3,4
248,1,4,3,1,3,1,1,6,1,1,2,1,4,4,4,1,5,2,4,2,1,1,1,3,1,1,1,1,1,1,1,2
249,1,4,6,2,2,2,1,1,6,7,2,1,4,3,4,2,5,2,1,3,1,1,3,3,4,5,5,1,1,5,1,4
250,1,2,4,1,2,2,5,2,5,7,1,2,5,4,4,4,5,2,4,2,3,1,1,3,1,1,5,3,1,1,1,1
251,1,3,5,1,2,2,1,2,5,1,1,3,1,4,4,4,5,2,1,3,5,1,3,3,1,1,5,3,1,3,3,3
252,1,3,4,1,3,2,1,2,4,1,2,1,2,5,5,5,5,2,5,1,1,1,3,3,1,1,1,1,1,1,1,1
253,1,4,3,2,3,1,1,5,2,2,1,1,2,4,3,5,5,2,5,1,1,1,1,1,1,1,1,1,1,1,1,1
254,1,4,6,3,3,1,3,3,1,6,2,2,5,4,5,5,5,2,5,1,1,1,1,1,1,1,1,1,1,1,1,3
255,1,4,5,1,5,2,3,1,1,1,1,2,2,4,4,4,4,2,4,2,3,3,2,3,1,2,2,2,2,2,1,4
256,1,2,5,2,4,2,5,2,4,3,1,2,3,5,5,5,5,2,5,5,5,3,5,5,5,1,5,5,1,5,3,5
257,1,4,4,2,2,1,1,2,4,4,2,2,4,4,3,4,5,2,4,3,2,2,3,2,1,1,1,3,2,2,1,2
258,2,3,6,1,3,2,5,1,6,1,1,1,4,4,4,4,5,2,4,4,4,4,4,3,3,3,3,3,3,3,3,3
259,1,2,5,1,3,1,4,3,6,2,1,1,5,5,5,5,5,2,4,3,1,1,3,1,1,1,1,1,1,2,1,1
260,1,2,5,1,4,2,5,1,2,6,1,3,4,4,4,4,5,2,4,1,3,2,1,3,2,2,1,2,1,5,1,1
261,1,4,2,1,3,1,1,5,6,6,1,1,4,4,4,4,5,2,5,1,1,1,1,2,1,1,4,1,1,1,1,3
262,1,3,5,1,2,2,5,2,6,7,2,3,1,3,2,2,5,2,2,4,4,4,4,3,4,4,3,3,3,4,1,5
263,1,3,3,2,3,1,2,5,2,2,2,1,2,2,4,4,5,2,4,1,1,1,1,3,1,1,5,1,1,1,1,1
264,1,4,6,3,2,2,1,2,3,3,1,1,2,4,4,5,5,2,4,2,1,3,1,4,1,1,2,2,1,1,1,3
265,1,1,3,1,4,2,5,3,3,7,1,4,1,1,5,1,5,2,3,5,5,5,5,4,5,5,1,5,4,1,5,5
266,1,3,5,2,2,2,1,2,2,1,1,1,2,2,4,5,5,2,5,1,1,1,1,3,1,1,1,4,1,1,1,1
267,1,3,5,2,2,2,5,1,6,7,6,5,1,4,4,3,5,2,4,2,1,1,1,4,1,4,1,1,1,1,1,1
268,1,4,5,3,2,2,1,2,1,1,1,1,2,4,4,4,5,2,5,1,1,4,1,5,1,1,1,1,1,3,3,1
269,1,3,6,5,2,1,2,6,6,2,1,1,5,5,2,2,5,2,5,3,1,3,2,1,3,1,1,1,1,5,3,5
270,1,4,3,1,3,1,6,6,3,3,1,1,2,5,5,5,5,2,5,1,1,1,1,1,1,1,1,1,1,1,1,4
271,1,4,2,1,3,1,4,4,6,4,1,1,2,5,5,5,5,2,5,1,5,1,1,1,1,1,1,1,1,1,1,1
272,1,4,3,1,5,2,5,1,6,1,2,1,2,5,5,5,5,2,5,1,1,1,1,1,1,2,1,1,1,1,2,1
273,1,4,4,3,3,2,1,4,4,3,2,1,4,4,4,4,5,2,5,1,1,1,1,1,1,1,1,1,1,1,1,1
274,1,4,6,1,2,2,1,2,2,1,3,1,1,5,5,5,5,2,3,1,2,1,1,2,2,1,3,1,1,1,1,3
275,1,5,4,1,3,1,4,6,6,1,1,1,2,5,5,5,5,2,5,1,1,1,1,1,2,1,1,2,1,1,1,1
276,1,2,5,1,4,2,5,1,1,6,1,3,4,4,4,2,5,2,4,2,2,1,1,3,1,4,2,1,1,2,1,3
277,1,3,3,1,3,2,5,1,1,6,2,3,4,4,4,4,5,2,3,3,3,1,3,3,5,1,4,3,3,4,1,3
278,1,4,4,2,2,1,1,5,1,1,1,1,4,4,5,2,5,2,5,3,2,1,1,1,1,1,1,2,1,1,2,4
279,1,2,5,1,3,2,2,2,1,1,1,1,2,4,4,5,5,2,5,3,2,3,2,3,1,1,1,1,2,1,1,1
280,1,8,4,2,3,2,2,2,5,4,1,1,2,4,4,5,5,2,4,2,3,2,4,4,2,2,1,2,1,2,1,3
281,1,2,5,2,6,1,1,5,2,1,1,1,4,5,4,4,5,2,5,3,1,3,2,3,1,1,1,1,1,1,1,1
282,1,4,5,1,2,1,4,5,4,6,1,1,4,4,5,4,5,2,5,2,1,1,1,2,1,1,1,1,1,3,1,5
283,1,4,3,2,2,1,1,6,2,1,1,1,4,4,5,4,5,2,5,2,3,1,1,1,1,1,1,1,1,2,1,3
284,1,3,3,2,2,1,1,3,2,2,1,1,4,4,5,3,5,2,5,3,3,1,1,1,1,1,1,1,1,1,1,2
285,1,4,3,2,2,1,1,6,2,1,1,1,4,4,4,4,5,2,5,3,2,1,1,1,1,1,1,1,1,1,1,2
286,1,6,5,2,3,1,1,6,1,2,1,1,4,4,4,5,5,2,5,1,1,1,1,3,4,1,1,1,1,1,1,5
287,1,3,6,1,4,2,3,3,4,1,1,1,2,5,5,5,5,2,4,1,3,3,1,3,3,1,1,3,1,1,1,5
288,1,2,3,1,2,2,2,2,4,2,2,2,4,2,4,3,5,2,2,2,1,1,1,2,1,1,1,1,1,1,1,3
289,1,2,1,2,3,1,2,6,5,1,1,4,2,4,4,3,5,2,3,4,1,3,1,5,1,3,4,3,2,1,1,4
290,1,3,3,1,6,2,5,3,2,1,1,1,4,4,5,4,5,2,5,1,4,1,1,4,3,1,5,3,4,5,3,4
291,1,2,6,1,4,2,3,2,6,2,2,1,4,4,5,4,5,2,5,1,2,1,1,3,1,1,1,1,1,1,1,2
292,1,4,6,1,2,2,1,2,4,1,1,1,4,4,5,4,5,2,5,1,2,1,1,1,1,1,1,1,1,1,1,5
293,1,4,4,1,3,1,2,1,4,1,1,1,4,4,4,4,4,2,4,3,3,3,1,1,1,1,1,1,1,4,1,4
294,1,3,5,1,4,2,2,2,1,7,1,2,4,2,4,4,4,2,3,1,3,1,1,3,3,3,3,3,3,4,3,4
295,1,5,4,3,2,2,2,2,3,1,1,1,5,5,5,4,5,2,4,1,1,1,1,1,1,4,5,1,1,5,1,1
296,1,2,4,1,1,2,5,2,1,6,1,2,4,2,5,4,4,2,3,1,3,1,3,3,3,1,1,4,1,1,1,4
297,1,7,2,2,2,2,1,2,2,6,1,1,5,5,5,4,5,2,5,1,1,1,1,1,1,1,1,1,1,1,1,1
298,1,4,4,4,3,2,2,2,6,6,1,1,2,2,4,4,4,2,4,1,3,1,1,3,1,1,1,1,1,2,1,4
299,1,2,4,1,4,2,3,2,1,1,1,1,4,4,4,4,4,2,4,1,1,1,1,1,1,1,1,1,1,1,1,3
300,1,4,3,2,2,2,2,1,6,1,1,1,4,4,4,4,4,2,5,1,1,1,3,1,1,1,2,1,1,1,1,5
301,1,5,3,2,3,2,2,3,6,6,1,2,5,4,4,4,4,2,3,1,1,1,1,1,1,3,1,3,1,1,1,1
302,1,3,5,1,2,2,1,2,2,1,1,1,2,4,4,4,4,2,5,1,1,1,1,1,1,1,1,1,1,1,1,4
303,1,4,5,3,2,2,1,2,2,2,1,1,4,3,4,4,4,2,5,1,1,1,1,1,1,1,1,1,1,1,1,3
304,1,2,4,1,4,2,5,2,1,7,1,5,2,2,3,4,4,2,3,4,2,1,1,1,3,4,3,1,1,2,1,4
305,1,3,4,1,3,1,6,4,1,1,1,1,1,1,4,4,4,2,2,1,2,1,1,1,3,1,5,2,1,4,1,5
306,1,3,4,1,3,2,4,3,2,1,1,1,4,4,4,4,4,2,5,3,3,1,1,1,1,1,1,1,2,1,1,3
307,1,3,3,2,2,1,1,4,2,2,1,1,4,4,4,4,4,2,5,1,1,1,1,1,1,1,1,1,1,1,1,2
308,1,4,5,1,2,1,4,5,2,2,1,1,4,4,5,4,4,2,5,2,2,1,1,1,1,1,1,1,2,1,1,2
309,1,4,6,2,2,2,1,3,4,3,1,1,4,4,4,4,4,2,5,2,2,1,1,1,1,1,1,1,1,1,1,2
310,1,4,5,2,1,2,1,3,4,3,1,1,4,4,5,4,5,2,5,3,2,1,1,2,1,1,1,1,1,1,1,2
311,1,3,5,1,4,2,3,5,1,1,1,1,5,5,5,4,5,2,4,1,1,1,1,1,1,1,1,2,1,2,1,5
312,1,2,5,1,2,1,4,2,1,1,1,4,2,5,5,4,5,2,5,1,1,2,3,5,5,5,1,5,3,1,1,5
313,1,2,5,1,4,2,5,1,2,7,1,3,4,4,4,4,4,2,4,1,3,1,1,5,1,1,5,1,1,4,2,1
314,1,2,5,1,4,2,2,1,3,3,1,3,1,5,5,4,5,2,5,3,4,1,1,5,4,5,5,1,1,5,3,5
315,1,2,5,1,4,2,3,2,4,1,1,2,2,2,5,4,4,2,4,1,3,3,1,3,1,1,5,1,3,1,1,2
316,1,2,4,1,4,2,5,3,4,7,1,1,1,5,5,4,5,2,5,3,1,2,1,4,1,1,1,3,1,1,1,3
317,1,2,5,1,4,1,5,2,4,1,1,1,5,5,5,4,5,2,5,1,1,1,1,1,1,1,1,1,1,3,1,1
318,1,4,5,6,3,2,5,1,2,2,1,1,2,5,5,4,5,2,5,1,1,1,1,3,1,1,1,1,1,1,2,5
319,1,8,4,2,3,2,2,2,5,4,1,2,2,4,4,4,4,2,4,2,3,2,3,3,2,2,1,2,2,2,1,3
320,1,3,5,2,2,2,1,2,2,2,1,2,3,5,5,4,5,2,5,3,3,3,1,1,2,1,1,2,1,2,1,5
321,1,3,6,2,1,2,5,1,3,7,1,2,4,4,5,4,5,2,3,1,3,3,3,3,3,3,2,2,3,3,3,4
322,1,4,5,4,2,2,1,2,1,1,1,1,1,1,1,4,4,2,5,3,1,3,3,3,1,1,1,1,1,1,1,4
323,1,3,5,1,5,2,5,2,2,2,1,3,5,5,5,4,5,2,1,1,1,3,1,5,5,1,1,5,1,1,1,5
324,1,4,5,3,3,2,1,2,5,5,1,1,5,5,5,4,5,2,5,4,1,3,3,5,5,1,5,5,1,1,1,5
325,1,4,5,2,1,2,1,2,3,1,1,1,5,5,5,5,5,2,5,1,3,1,1,1,1,1,1,1,1,1,1,5
326,1,4,5,2,2,2,1,2,4,2,1,1,3,5,5,5,5,2,1,1,1,1,1,3,1,1,1,1,1,2,1,4
327,1,3,5,2,2,2,1,3,2,2,1,1,5,5,5,2,5,2,1,5,3,3,1,4,2,1,1,3,2,1,2,1
328,6,4,2,3,2,2,1,4,6,6,2,1,2,5,5,5,5,2,5,1,4,3,3,1,1,2,1,1,1,1,1,3
329,1,2,5,2,6,1,1,5,2,1,1,1,4,5,4,4,5,2,5,3,1,3,2,3,1,1,1,1,1,1,1,1
330,1,6,3,4,3,2,1,2,3,1,5,1,3,5,5,5,5,2,5,1,1,1,1,3,1,1,1,3,1,1,1,5
331,1,3,4,1,5,2,5,1,3,2,1,1,2,2,4,5,5,2,2,1,1,1,1,4,1,1,5,1,1,5,1,4
332,1,3,5,2,3,2,5,3,3,3,1,1,2,2,4,5,5,2,3,1,1,2,1,3,1,2,5,1,1,4,1,4
333,1,2,5,1,4,2,5,1,2,7,1,1,1,5,5,5,5,2,3,3,1,2,1,4,1,1,1,4,1,1,1,3
334,1,3,6,2,4,2,1,4,1,1,1,1,5,5,5,5,5,2,5,1,1,1,1,2,1,1,1,1,1,2,2,4
335,1,2,5,1,2,2,5,3,4,2,5,2,2,2,4,4,5,2,5,1,1,1,1,3,1,1,1,3,1,1,1,1
336,1,2,5,1,4,2,5,2,1,7,1,1,2,2,4,5,5,2,2,1,1,1,1,4,1,1,5,1,1,5,1,4
337,1,3,5,1,4,2,3,2,2,2,1,2,2,2,4,5,5,2,2,1,1,1,1,4,1,1,5,1,1,5,1,4
338,1,3,3,2,2,1,1,3,2,2,1,1,4,4,5,3,5,2,5,3,3,1,1,1,1,1,1,1,1,1,1,3
339,1,4,3,2,2,1,1,6,2,1,1,1,4,5,5,4,5,2,5,3,2,1,1,1,1,1,1,1,1,1,1,1
340,1,8,4,2,3,2,2,2,1,1,1,1,4,4,4,4,5,2,5,2,3,2,3,3,2,2,1,2,2,2,1,4
341,1,2,4,1,3,1,4,5,1,1,1,1,4,4,4,4,5,2,5,3,3,2,3,3,3,2,1,2,3,1,2,4
342,1,2,5,1,3,2,2,2,1,1,1,1,4,4,5,4,5,2,5,2,3,1,2,2,1,1,1,2,2,1,1,4
343,1,4,5,1,2,1,4,5,4,7,1,1,4,4,5,4,5,2,5,1,1,1,1,12,1,1,1,1,1,3,2,4
344,1,3,3,2,2,1,1,5,2,1,1,1,4,4,5,4,5,2,5,2,3,1,1,1,1,1,1,1,1,1,1,4
345,1,6,4,2,2,1,1,5,1,1,1,1,4,4,5,2,5,2,5,3,1,1,1,1,1,1,1,2,1,1,2,4
346,1,2,5,3,1,2,1,4,2,1,1,1,4,5,4,4,5,2,5,3,1,3,2,3,1,1,1,1,1,1,1,1
347,1,6,4,2,3,1,4,4,4,4,1,1,5,5,5,5,5,2,1,1,1,1,1,1,1,1,1,1,1,1,1,1
348,1,6,3,2,3,2,5,2,2,1,1,4,2,2,5,5,5,2,1,1,1,1,1,3,1,1,1,1,1,1,1,2
349,1,3,6,1,3,2,1,1,2,2,1,2,3,4,4,5,5,2,3,1,2,2,1,2,2,1,1,2,2,1,1,2
350,1,4,6,2,2,2,1,2,2,1,1,1,2,2,5,2,5,2,5,1,1,1,1,3,1,1,1,1,1,1,1,1
351,1,2,4,1,4,2,3,2,5,1,1,2,5,5,5,5,5,2,4,1,3,3,2,1,2,1,1,1,2,1,1,2
352,1,2,3,1,4,2,5,1,1,7,1,1,4,5,5,4,5,2,4,1,1,3,1,3,1,1,1,2,1,1,1,3
353,1,3,6,1,4,2,3,1,4,7,1,1,2,4,4,4,5,2,2,2,2,3,3,3,2,4,3,3,2,2,1,1
354,1,3,3,1,2,2,1,2,1,1,1,2,4,4,4,4,5,2,5,1,1,1,1,2,1,1,1,1,1,1,1,1
355,1,3,6,1,6,2,5,2,2,1,1,3,4,4,4,4,5,2,3,1,3,1,3,1,1,1,1,3,1,1,1,4
356,1,2,5,1,4,2,5,2,4,2,1,2,2,2,4,3,5,2,4,2,2,3,1,1,2,2,1,4,1,1,3,2
357,1,3,4,2,3,1,1,5,5,3,1,2,4,2,4,4,5,2,4,1,1,1,1,3,3,1,2,4,1,1,2,2
358,1,2,5,2,2,2,4,3,4,3,1,2,1,1,4,4,5,2,4,1,1,1,1,3,3,3,2,1,4,1,1,1
359,1,3,5,1,4,2,3,2,2,2,1,3,4,4,4,4,5,2,4,2,2,2,1,3,2,1,2,2,2,2,2,3
360,1,3,5,1,3,1,1,4,1,1,2,1,5,5,5,5,5,2,5,1,1,1,1,1,1,1,1,1,1,1,1,1
361,1,3,5,1,5,1,1,6,6,6,1,2,2,5,5,5,5,2,5,1,1,1,2,5,1,1,1,1,1,1,1,2
362,1,2,5,1,3,2,2,2,1,1,1,1,2,4,4,5,5,2,1,1,2,3,2,3,1,1,1,1,2,1,1,1
363,1,3,6,2,2,2,5,1,2,3,1,1,5,5,5,5,5,2,5,3,3,3,1,5,1,3,2,2,1,4,4,4
364,1,3,4,2,2,2,1,2,1,1,1,3,2,4,1,2,5,2,1,2,3,2,2,3,3,1,4,1,2,1,1,3
365,1,4,5,3,1,2,1,2,4,4,1,1,4,4,4,4,5,2,2,1,3,3,1,2,1,1,1,2,2,2,1,1
366,1,3,3,2,5,1,3,5,3,2,1,4,2,3,2,2,5,2,2,2,3,3,2,3,2,3,1,1,2,3,2,3
367,1,2,3,1,5,2,4,3,1,1,1,3,4,2,3,4,5,2,2,3,4,4,3,4,3,3,2,2,2,3,2,3
368,1,5,5,2,3,2,2,2,4,3,1,3,2,2,2,4,5,2,3,2,3,1,2,3,2,3,4,3,2,3,2,3
369,1,3,5,1,4,2,3,2,2,2,1,1,5,2,4,2,5,2,3,2,3,1,2,3,2,1,1,2,2,1,3,4
370,1,3,2,1,3,1,3,1,2,3,2,3,2,4,3,4,5,2,1,5,1,1,1,1,3,2,4,2,3,3,2,3
371,1,5,3,1,3,1,3,4,1,1,1,1,2,5,4,4,5,2,5,3,1,1,1,3,1,1,1,1,1,1,1,3
372,1,2,3,5,3,2,1,5,6,1,1,1,2,5,5,5,5,2,5,1,1,1,1,1,1,1,1,1,1,1,1,1
373,1,3,5,1,4,2,5,3,4,2,1,2,4,4,5,5,5,2,5,1,1,1,1,3,1,1,1,3,1,2,2,2
374,1,2,5,1,4,2,2,2,2,1,1,1,4,4,4,4,5,2,1,1,1,2,1,3,1,1,1,1,1,1,1,2
375,1,3,5,1,4,2,5,2,4,3,1,2,4,2,4,5,5,2,1,1,1,2,1,3,1,1,1,3,1,1,1,2
376,1,3,5,1,5,2,5,2,3,2,1,2,4,2,4,4,5,2,1,1,2,1,1,2,1,1,1,1,1,1,1,1
377,1,2,5,4,2,1,2,3,2,1,1,1,4,4,5,5,5,2,1,1,2,1,1,2,1,1,1,2,1,1,1,2
378,1,3,5,1,4,2,5,2,3,3,1,2,4,2,4,4,5,2,1,1,2,2,1,3,1,1,1,2,1,1,1,1
379,1,3,6,1,4,2,5,1,3,2,1,2,4,2,4,4,5,2,1,1,2,1,2,2,1,1,1,3,1,1,1,2
380,1,3,6,1,4,2,3,1,3,2,1,2,4,4,4,4,5,2,1,1,1,2,1,1,1,1,1,1,1,1,2,2
381,1,2,5,1,4,2,5,2,2,2,2,1,5,4,4,4,5,2,1,1,1,1,1,2,1,1,1,2,1,1,1,1
382,1,2,5,1,4,2,3,1,2,1,1,1,4,2,4,4,5,2,2,1,2,2,1,3,1,1,1,3,2,1,1,2
383,1,2,5,1,4,2,3,1,2,2,1,1,4,4,4,5,5,2,2,1,1,1,1,3,1,1,1,3,1,1,1,3
384,1,6,3,1,3,1,1,6,2,1,2,1,4,4,5,4,5,2,5,1,1,1,1,1,1,1,1,1,1,1,1,2
385,1,3,5,1,4,2,3,3,6,1,1,5,2,2,4,4,5,2,4,1,3,1,1,2,2,2,1,2,2,1,1,2
386,1,3,6,1,3,1,1,4,3,1,1,1,4,4,4,5,5,2,5,1,1,1,1,1,1,1,1,1,1,1,1,2
387,1,2,5,1,4,2,3,2,4,2,2,1,5,5,5,4,5,2,5,2,1,1,1,1,1,1,1,1,1,1,1,2
388,1,2,5,1,4,2,3,2,3,1,1,1,5,5,5,4,5,2,5,1,1,1,1,1,1,1,1,1,1,1,1,2
389,1,4,6,3,2,2,1,2,3,7,1,1,3,4,5,4,5,2,5,2,1,1,1,1,1,1,1,1,1,1,1,2
390,1,3,6,1,3,1,1,4,6,2,3,1,4,4,4,4,5,2,5,2,1,1,1,1,1,1,1,1,1,1,1,3
391,1,2,3,2,3,1,1,6,6,1,1,1,5,5,5,4,5,2,5,1,2,1,1,1,1,1,1,1,1,1,1,2
392,1,3,5,1,3,1,1,5,6,1,1,1,5,5,5,4,5,2,5,1,1,1,1,1,1,1,1,1,1,1,1,2
393,1,3,4,3,6,2,6,2,3,1,2,1,5,4,5,4,5,2,5,2,2,1,1,1,1,1,1,1,1,1,1,2
394,1,6,6,2,3,2,5,1,2,2,1,3,5,4,4,4,5,2,5,3,2,1,1,1,1,1,1,1,1,1,1,1
395,1,4,4,1,2,2,1,2,2,1,1,2,5,4,5,4,5,2,5,1,1,1,1,1,1,1,1,1,1,1,1,1
396,1,6,6,2,6,2,1,3,2,1,2,1,5,4,5,4,5,2,5,2,1,1,1,1,1,1,1,1,1,1,1,2
397,1,3,5,1,4,2,3,1,4,1,1,1,3,4,4,5,5,2,1,1,1,1,1,1,1,1,1,1,1,1,1,2
398,1,3,5,1,4,2,5,1,4,1,1,4,2,5,5,5,5,2,5,3,4,2,1,3,1,1,1,2,3,1,1,3
399,1,4,6,2,1,2,1,1,5,1,1,1,3,4,3,4,4,2,4,1,1,2,1,4,4,1,2,3,3,2,2,3
400,1,2,4,1,3,1,4,5,1,1,1,1,4,4,3,5,5,2,5,1,1,1,1,1,1,1,1,1,1,1,1,3
401,1,3,6,2,2,2,1,2,1,1,2,2,4,4,4,4,5,2,4,2,2,2,1,2,1,1,1,1,1,1,1,3
402,1,4,6,2,2,2,5,3,3,2,1,1,2,4,4,4,5,2,4,2,2,1,1,3,1,1,1,1,1,1,1,2
403,1,3,5,1,4,2,5,2,2,7,1,2,1,2,3,4,5,2,3,2,3,1,2,3,1,1,2,2,2,1,1,3
404,1,3,6,2,2,2,5,3,4,1,1,1,3,4,5,5,5,2,5,1,1,2,1,2,1,1,1,1,1,1,1,1
405,3,6,3,2,2,1,1,2,2,1,1,1,4,4,4,5,5,2,4,1,2,1,1,1,1,1,1,1,1,1,1,1
406,1,6,4,2,2,1,3,4,3,3,1,1,3,4,4,5,5,2,5,2,1,2,1,1,1,1,1,1,1,1,1,2
407,5,6,3,2,2,2,1,2,2,2,1,1,4,4,4,5,5,2,5,1,2,1,1,1,1,1,1,1,1,1,1,2
408,1,4,6,3,2,2,1,3,3,2,1,1,4,5,5,5,5,2,5,1,1,2,1,1,1,1,1,1,1,1,1,2
409,1,1,3,2,2,1,1,2,3,3,1,1,4,5,5,5,5,2,1,2,1,1,1,1,1,1,1,1,1,1,1,1
410,1,4,5,1,2,1,2,2,3,1,1,1,5,5,5,5,5,2,5,2,1,3,2,1,1,1,1,1,1,1,1,1
411,1,1,3,2,2,2,1,5,2,1,1,1,4,4,4,4,5,2,5,1,1,1,1,1,2,1,5,1,1,5,1,1
412,1,4,5,2,2,2,1,4,2,1,2,1,2,4,5,5,5,2,3,2,1,2,1,2,2,1,1,1,2,2,1,1
413,1,3,4,1,3,1,3,4,4,2,1,1,4,5,5,4,5,2,5,1,1,1,1,1,1,1,1,2,1,1,1,3
414,1,2,3,2,3,1,3,5,3,2,2,1,2,4,5,5,5,2,5,1,1,1,1,1,1,1,1,1,1,1,1,5
415,1,4,4,1,3,2,1,4,6,2,1,1,4,5,5,4,5,2,5,1,1,2,1,3,1,1,1,1,1,1,1,1
416,1,4,6,2,3,2,1,4,6,7,1,1,2,2,5,4,4,2,5,1,1,1,1,3,1,1,1,3,1,1,1,3
417,1,3,3,1,3,2,1,4,6,1,1,3,2,4,5,4,4,2,5,1,1,1,1,1,1,1,1,1,1,1,1,5
418,1,4,3,1,3,1,2,5,1,6,1,1,5,5,5,4,5,2,5,1,1,1,1,1,1,1,1,1,1,1,1,1
419,1,3,5,1,5,2,1,3,1,4,1,1,2,5,5,4,5,2,5,1,1,1,1,1,1,1,1,1,1,1,1,1
420,1,4,5,2,3,1,2,5,6,2,2,1,2,4,5,4,4,2,5,1,1,3,1,1,1,1,1,1,1,1,1,1
421,1,4,6,2,2,2,1,3,3,3,1,1,4,5,4,4,5,2,4,3,3,3,4,2,2,3,4,3,4,3,2,3
422,1,3,5,2,2,2,1,3,3,4,1,1,4,4,5,4,5,2,4,4,3,2,3,4,4,3,3,4,4,4,3,3
423,1,3,5,1,3,2,5,2,2,2,1,1,4,4,4,5,5,2,3,4,5,1,4,5,4,3,4,5,4,3,1,3
424,1,4,2,1,2,2,2,2,3,3,3,1,4,5,4,4,5,2,4,3,2,3,4,2,3,4,3,3,4,4,4,3
425,1,3,5,2,2,2,1,3,2,2,2,1,5,4,5,5,5,2,4,4,2,3,3,4,4,3,3,2,4,3,3,4
426,1,3,5,1,4,2,5,1,2,2,1,2,4,4,4,4,5,2,4,2,2,1,3,1,1,1,3,1,1,1,1,1
427,1,2,4,1,4,2,3,2,1,7,1,5,2,4,2,3,5,2,4,2,5,1,3,3,3,5,5,2,3,4,4,3
428,1,4,5,3,2,2,1,2,3,2,1,1,3,4,4,4,5,2,4,2,1,1,1,2,1,1,2,1,1,1,1,2
429,1,2,4,1,4,2,3,2,2,1,1,1,4,4,5,4,5,2,5,2,3,1,1,2,1,1,1,1,1,1,1,3
430,1,2,5,1,4,2,5,2,2,1,1,1,4,4,4,4,5,2,1,1,2,1,1,2,1,1,1,2,1,1,1,2
431,1,3,3,1,2,1,2,4,3,2,2,1,2,4,4,4,5,2,1,1,1,1,1,2,1,1,1,1,1,1,1,2
432,1,2,5,1,4,2,3,2,3,2,1,2,2,4,4,5,5,2,4,2,2,3,3,3,2,3,4,3,3,1,1,3
433,1,2,5,1,4,2,5,3,1,1,1,1,4,5,4,4,4,2,5,1,1,1,1,1,1,1,1,1,1,1,1,3
434,1,3,5,1,4,2,3,2,2,2,1,1,4,4,4,4,4,2,5,3,3,1,1,2,1,1,1,2,1,1,1,2
435,1,3,4,1,4,2,2,2,1,1,1,1,4,4,4,4,4,2,5,2,2,1,1,1,1,1,1,1,1,1,1,2
436,2,3,5,1,4,2,3,2,1,1,1,1,4,4,4,4,4,1,5,2,2,1,1,1,1,1,1,1,1,1,1,2
437,1,3,5,1,4,2,2,1,1,1,1,1,5,5,5,5,5,1,5,3,3,1,1,1,1,1,1,3,1,1,1,3
438,1,4,4,2,3,1,1,4,3,2,2,1,5,5,5,5,5,2,5,1,1,1,1,1,1,1,1,1,1,1,1,2
439,1,4,3,2,3,1,1,5,4,4,2,1,5,5,4,4,4,1,5,3,3,1,1,1,1,1,1,1,1,1,1,2
440,1,2,4,1,4,2,3,1,1,1,1,1,5,5,5,5,4,2,5,2,3,1,1,1,1,1,1,2,1,1,1,2
441,1,3,5,1,4,2,3,2,1,1,1,1,4,4,4,4,5,2,5,1,1,1,1,1,1,1,1,2,1,1,1,2
442,1,3,5,2,2,2,1,4,4,3,1,1,5,5,5,4,4,3,4,2,1,1,1,2,2,1,1,1,1,2,2,2
443,1,2,4,1,4,2,3,2,2,1,2,2,5,5,4,4,5,1,4,2,1,1,1,2,2,1,1,2,1,2,2,2
444,1,3,5,1,4,2,3,2,3,3,2,1,5,5,4,4,5,1,4,2,1,1,1,2,2,1,1,2,1,2,2,2
445,1,4,6,2,2,2,1,3,4,3,1,1,5,5,4,4,5,1,5,2,1,1,1,1,1,1,1,2,1,2,2,2
446,1,4,4,4,3,2,1,2,3,3,1,1,2,4,4,2,4,3,5,3,2,1,1,1,1,1,2,2,2,1,1,4
447,1,3,6,1,5,2,5,4,3,2,1,1,5,5,5,5,5,2,5,3,1,1,1,1,1,1,1,1,1,1,1,1
448,1,2,6,1,4,2,3,3,2,1,1,1,5,5,5,5,5,2,5,3,1,1,1,1,1,1,1,1,1,1,1,2
449,1,2,5,1,4,2,4,4,1,1,1,2,5,5,5,4,4,2,5,1,1,1,1,1,1,1,1,1,1,1,1,2
450,1,2,5,1,4,2,3,1,2,1,1,1,5,5,5,4,5,2,5,1,1,1,1,1,1,1,1,1,1,1,1,1
451,1,2,5,1,4,2,3,2,2,2,1,1,5,5,5,5,5,2,5,3,1,1,1,1,1,1,1,1,1,1,1,2
452,1,2,5,1,4,2,3,3,2,1,2,2,5,5,5,5,4,2,5,2,1,1,1,1,1,1,1,1,1,1,1,2
453,1,3,6,1,3,2,2,5,3,2,1,2,5,5,5,5,4,2,5,3,1,1,1,1,1,1,1,1,1,1,1,1
454,1,3,5,1,4,2,3,2,2,1,1,1,5,5,5,5,5,2,5,3,1,1,1,1,1,1,1,1,1,1,1,3
455,1,3,5,1,4,2,3,4,2,1,1,1,5,5,5,5,5,2,5,2,1,1,1,1,1,1,1,1,1,1,1,2
456,1,3,5,1,4,2,3,3,2,1,1,1,5,5,5,5,5,2,5,3,1,1,1,1,1,1,1,1,1,1,1,1
457,1,2,5,1,4,2,5,2,3,2,1,2,4,4,4,4,4,2,5,2,1,2,1,2,1,1,1,1,2,1,1,2
458,1,2,3,1,4,2,3,2,2,2,2,2,2,4,4,4,4,2,5,2,2,2,1,2,2,1,1,2,2,1,1,2
459,1,3,6,1,5,2,3,2,2,2,2,2,4,4,4,4,4,2,5,2,2,2,1,2,2,1,1,1,1,1,1,2
460,1,5,5,3,1,2,1,2,2,2,2,1,2,3,4,4,4,2,4,1,1,1,1,2,1,1,2,2,1,1,2,2
461,1,3,3,2,2,1,4,6,2,2,2,1,2,4,4,4,4,2,4,1,1,1,1,1,1,1,1,1,1,1,1,2
462,1,3,5,1,4,2,3,2,2,1,2,1,4,4,4,4,4,1,5,3,2,1,1,1,1,1,1,1,1,1,1,2
463,1,2,4,1,4,2,3,2,1,1,1,1,4,4,5,4,4,1,5,1,1,1,1,1,1,1,2,1,1,1,1,2
464,1,3,5,1,4,2,2,2,1,1,2,1,5,5,5,4,4,2,5,1,3,1,1,2,1,1,1,1,1,1,1,1
465,1,2,4,1,4,2,3,2,2,1,1,1,4,4,5,5,4,2,5,2,3,1,1,2,1,1,1,1,1,1,1,2
466,1,2,5,1,4,2,3,2,1,1,2,1,4,4,4,4,4,2,5,2,2,1,1,1,1,1,1,3,1,1,1,3
467,1,2,4,1,4,2,3,2,1,1,1,1,4,4,4,4,4,1,5,1,1,1,1,1,3,1,1,3,1,1,1,1
468,1,2,3,1,4,2,3,3,2,2,1,1,4,4,5,4,4,1,5,2,1,2,1,3,1,1,1,2,1,1,1,2
469,1,2,4,1,4,2,3,2,1,1,1,3,4,4,4,4,4,2,5,3,3,1,1,1,1,1,1,1,1,1,1,3
470,1,3,4,1,2,2,5,2,2,2,1,2,4,4,4,5,5,2,5,3,2,2,1,2,1,1,1,1,1,1,1,2
471,1,5,5,2,3,2,2,2,4,4,2,1,4,4,4,4,4,2,5,3,3,3,1,2,1,1,1,1,1,1,1,2
472,1,5,6,2,2,2,1,2,4,4,3,1,2,4,4,4,4,2,5,2,1,2,1,3,1,1,1,2,1,1,1,3
473,1,4,3,1,3,1,4,3,3,3,2,1,4,4,4,4,4,2,5,1,1,2,1,2,1,1,1,2,1,1,2,1
474,1,3,3,1,3,1,4,3,4,3,2,1,4,4,4,4,4,2,5,1,1,1,1,2,1,1,1,1,1,1,1,2
475,1,3,3,1,2,2,1,2,3,3,1,1,2,4,4,4,4,2,5,2,2,2,1,2,1,1,1,1,1,1,1,2
476,1,7,5,4,3,2,5,3,6,3,3,2,2,2,4,4,4,1,4,1,1,1,1,1,1,1,3,2,2,1,1,3
477,1,3,3,2,3,2,5,3,4,3,3,2,2,2,4,4,4,1,4,2,1,1,1,1,1,1,1,2,1,1,1,2
478,1,6,4,2,2,2,1,4,3,2,4,2,2,2,4,4,4,1,3,1,1,1,1,1,1,1,1,1,1,1,1,3
479,1,3,4,2,3,1,4,5,6,2,2,1,1,4,4,4,4,4,4,3,3,1,1,1,3,1,1,4,1,1,1,1
480,1,4,5,3,2,2,1,3,6,4,2,2,2,2,4,4,3,1,4,1,1,1,1,1,3,3,2,4,1,1,1,2
481,1,4,3,3,2,1,4,6,5,5,1,1,2,4,4,4,4,2,5,1,1,1,1,1,1,1,1,3,1,1,1,3
482,1,6,5,3,2,2,1,3,4,4,2,1,2,4,4,4,4,2,4,1,1,1,1,1,1,1,1,2,1,1,1,2
483,1,4,4,2,3,2,4,3,3,2,3,1,3,4,4,3,4,2,1,3,2,1,1,1,1,1,1,2,1,1,1,2
484,1,3,3,3,3,2,5,2,4,1,1,1,5,4,5,4,4,2,5,1,1,1,1,1,1,1,1,1,1,1,1,3
485,1,3,3,1,2,1,1,6,1,1,2,1,4,4,5,4,4,2,5,2,1,1,1,1,1,1,1,1,1,1,1,2
486,1,3,4,1,4,2,3,2,4,2,1,1,5,5,5,4,3,5,3,1,1,1,1,1,1,1,1,1,1,1,1,1
487,1,3,5,3,2,2,1,2,3,1,1,1,5,5,5,4,4,2,5,2,1,1,1,1,1,1,1,1,1,1,1,2
488,1,3,4,1,3,2,5,1,3,2,1,2,4,4,4,4,4,1,5,3,2,2,1,2,1,1,1,1,1,1,2,3
489,1,3,5,1,5,2,3,2,2,2,2,2,4,4,4,4,4,2,5,2,1,1,1,2,1,1,1,2,2,1,1,2
490,1,4,4,2,2,2,1,2,3,3,1,1,4,4,5,4,4,2,5,1,2,1,1,2,1,1,1,2,2,1,2,2
491,1,4,5,2,2,2,1,2,1,1,1,1,4,4,4,4,4,2,2,1,1,2,1,2,1,1,5,1,1,1,1,2
492,1,2,5,1,4,2,3,1,4,7,1,1,2,5,5,5,5,4,1,1,1,1,1,1,3,1,5,2,1,1,1,2
493,1,8,3,2,2,1,4,5,1,1,1,1,4,5,5,5,5,4,5,1,1,1,1,3,3,1,1,1,1,2,1,3
494,1,3,2,1,2,2,4,3,1,6,1,1,5,4,4,5,5,1,5,1,2,1,1,2,1,1,1,2,2,1,2,2
495,1,3,5,2,3,2,1,4,4,2,4,1,5,5,5,5,5,5,1,1,1,1,1,1,1,1,1,1,1,1,1,2
496,1,5,6,2,2,2,1,3,6,6,2,1,5,4,5,5,5,1,5,1,1,1,1,3,1,1,1,1,2,1,1,2
497,1,3,5,2,2,2,1,2,3,3,2,1,5,4,4,5,5,4,5,5,2,1,1,2,3,1,1,2,2,1,1,2
498,1,3,4,1,4,2,5,1,2,7,1,1,1,4,4,2,4,4,4,1,1,1,2,1,4,3,5,1,1,1,1,5
499,1,5,1,5,3,2,5,1,1,1,1,1,4,4,4,4,4,1,5,3,1,1,1,1,1,1,1,1,1,1,1,5
500,1,4,5,3,3,2,4,2,6,7,2,1,2,4,4,4,5,4,5,3,1,1,1,3,3,1,1,1,1,1,1,1
501,1,4,3,1,3,1,4,6,2,1,2,1,4,4,4,4,5,2,5,3,1,1,1,1,1,1,1,1,1,1,1,1
502,1,3,3,2,2,2,5,1,1,7,1,1,2,2,4,4,4,2,4,1,1,1,1,3,3,1,4,1,3,1,2,1
503,1,7,3,1,2,1,1,2,1,1,1,2,4,4,4,5,4,1,5,2,2,1,1,2,2,1,1,2,2,1,2,2
504,1,3,4,1,2,1,1,2,1,1,1,3,4,4,4,5,4,1,5,3,2,1,1,2,3,1,1,2,2,1,1,3
505,1,5,6,3,2,1,1,3,2,2,2,1,4,4,4,4,5,1,5,2,1,1,1,2,1,1,1,2,2,1,1,2
506,1,3,5,2,2,1,1,3,2,1,1,1,2,4,5,5,5,5,5,1,2,2,1,3,1,1,1,1,2,1,1,1
507,1,3,5,2,2,1,1,2,2,1,1,1,4,4,4,4,4,2,5,1,1,1,1,1,1,1,1,1,1,1,1,1
508,1,5,5,1,6,2,1,4,1,1,1,1,4,4,4,4,4,2,5,1,1,1,1,1,1,1,1,1,1,1,1,2
509,1,3,5,2,2,2,2,2,2,1,2,2,4,5,5,5,5,2,5,1,1,1,1,1,1,1,1,1,1,1,1,2
510,1,4,4,4,3,2,1,4,5,5,4,1,2,5,5,5,4,4,5,1,1,1,1,1,1,1,1,1,1,1,1,3
511,1,4,5,3,3,2,1,5,6,6,1,1,2,4,4,4,4,4,5,1,1,1,1,5,1,1,1,1,3,1,1,1
512,1,4,3,2,2,1,4,3,2,2,2,3,2,2,4,3,2,2,3,2,3,3,2,3,2,3,4,3,2,3,2,3
513,1,3,4,2,2,2,1,2,2,2,3,3,2,4,2,2,4,4,2,3,3,2,3,3,2,2,3,3,4,3,2,3
514,1,4,2,2,2,2,1,3,3,3,3,3,2,4,4,2,2,2,3,2,2,2,3,2,2,3,2,2,2,3,3,2
515,1,3,3,2,3,1,4,3,2,2,2,3,5,5,4,4,4,2,3,2,3,2,3,3,2,2,3,3,3,2,2,2
516,1,2,3,2,2,2,1,2,2,2,2,3,3,2,4,3,2,2,3,2,3,2,3,4,3,2,2,3,2,2,3,4
517,1,3,3,3,3,1,4,3,2,3,3,2,2,2,4,4,3,2,3,3,2,3,2,2,1,2,3,2,3,4,2,3
518,1,4,5,2,4,2,1,2,4,4,1,1,5,4,4,3,4,3,5,4,3,2,1,1,1,1,2,1,1,1,1,4
519,1,3,5,1,4,2,3,3,4,3,1,1,5,4,4,2,4,3,5,3,2,1,1,1,1,1,1,2,1,2,1,4
520,1,3,5,1,4,2,5,2,2,1,1,1,3,4,4,5,5,3,5,3,2,1,1,2,2,1,1,1,1,1,1,4
521,1,7,3,2,2,1,2,2,4,4,2,1,4,4,4,4,4,1,5,2,2,1,1,1,1,1,1,1,1,1,1,1
522,1,6,4,3,3,1,2,3,3,3,2,1,4,4,4,4,4,1,5,2,2,1,1,1,1,1,1,2,1,1,1,1
523,1,3,5,1,4,1,3,2,1,1,1,1,4,4,4,4,4,1,5,2,2,1,1,2,1,1,1,1,1,1,1,1
524,1,4,5,1,4,1,3,3,2,1,1,1,4,4,2,4,4,2,5,1,1,2,1,3,3,3,1,3,1,1,1,1
525,1,7,3,3,2,1,1,4,3,3,2,1,4,4,4,4,4,3,5,1,1,1,1,1,1,1,1,1,1,1,1,2
526,1,3,6,2,2,1,4,3,2,2,2,1,4,4,4,5,5,4,5,3,2,1,1,2,2,1,1,1,2,1,1,2
527,1,3,5,1,4,1,4,2,1,1,1,1,4,4,4,4,4,3,5,2,2,1,1,2,2,1,1,1,2,1,1,1
528,1,3,5,2,4,2,3,2,1,1,1,1,4,4,4,4,4,1,5,1,1,1,1,1,1,1,1,1,1,1,1,1
529,1,2,4,1,4,2,3,2,1,1,2,1,4,4,4,4,4,2,5,2,2,1,1,3,1,1,1,1,2,1,2,1
530,1,5,4,2,2,2,1,3,1,1,1,2,4,4,4,4,4,2,5,2,2,1,1,1,1,1,1,1,1,1,1,1
531,1,3,5,1,4,2,3,2,1,7,1,5,2,4,5,5,4,1,2,2,3,1,3,2,3,2,1,1,2,1,2,3
532,1,2,5,1,4,2,3,3,3,1,1,1,2,5,5,5,5,5,5,2,1,1,2,2,2,1,1,1,1,1,1,3
533,1,4,3,2,3,2,4,6,4,4,1,1,4,4,5,5,5,5,5,1,1,2,2,1,1,1,1,1,1,1,1,3
534,1,3,5,2,2,2,1,3,3,3,1,1,4,5,5,4,5,5,5,3,1,2,1,1,1,1,1,1,1,1,1,3
535,1,4,3,2,2,2,1,3,3,2,1,1,4,4,4,4,4,5,5,2,1,2,1,1,1,1,1,1,1,1,1,2
536,1,2,3,1,3,2,4,5,2,2,1,1,2,5,5,5,5,5,5,3,1,1,1,2,1,1,1,1,1,1,1,3
537,1,3,4,1,2,2,4,3,2,2,1,1,5,5,5,4,4,4,5,1,1,1,2,2,2,1,1,1,1,1,1,1
538,1,3,3,1,3,2,4,4,3,2,1,1,5,5,5,4,4,4,4,3,2,2,1,3,2,1,1,1,2,1,1,2
539,1,4,5,2,2,2,1,2,1,1,1,1,4,5,5,4,4,2,3,1,1,1,1,3,1,1,5,1,1,1,1,3
540,1,5,5,1,3,2,2,2,3,3,2,1,2,4,3,2,4,3,3,3,3,2,2,2,1,1,4,3,3,1,1,1
541,1,3,5,1,5,2,5,1,6,3,2,1,2,5,2,2,3,3,3,3,2,3,3,4,1,1,5,4,2,1,1,3
542,1,2,4,1,5,1,3,2,2,7,1,1,4,4,4,4,4,1,3,1,2,2,2,2,1,2,5,1,1,4,1,4
543,1,3,5,1,2,2,1,2,6,2,1,1,4,5,5,5,5,2,4,1,3,3,2,3,3,1,5,1,1,1,1,4
544,1,4,4,1,2,2,1,2,6,6,2,1,4,5,5,4,4,3,5,1,1,1,1,1,1,1,5,1,1,3,1,2
545,1,2,5,1,6,2,5,1,1,7,1,1,4,5,4,5,4,3,4,1,2,2,2,2,1,2,5,2,1,1,1,4
546,2,8,1,5,2,5,2,2,5,2,2,1,2,5,5,5,5,2,5,2,1,3,3,4,1,1,5,2,1,1,1,5
547,1,2,5,1,5,2,5,1,1,1,2,1,4,5,5,4,4,2,5,2,5,5,5,3,5,5,5,3,1,1,1,5
548,1,3,5,1,5,2,2,1,2,2,1,4,3,5,4,5,4,3,3,2,2,2,3,2,4,1,5,2,2,2,2,2
549,1,2,5,1,4,2,3,1,1,1,2,2,4,2,4,2,4,2,3,1,2,1,2,1,1,1,5,1,1,2,1,2
550,1,3,5,1,5,2,3,2,2,1,1,1,4,5,5,4,4,2,5,1,3,1,2,1,1,2,5,1,1,1,1,1
551,1,3,5,1,4,2,3,2,1,1,2,2,2,2,5,4,5,2,5,1,2,2,2,3,1,2,5,2,1,1,1,5
552,1,3,5,1,5,2,3,2,1,1,2,1,2,2,4,2,4,2,3,3,1,3,1,4,1,1,4,3,1,1,1,5
553,1,2,5,1,4,2,3,2,1,1,1,1,2,2,4,4,4,2,4,1,2,2,2,2,1,2,5,2,1,1,1,4
554,1,2,5,1,4,2,3,2,5,2,1,2,2,2,5,4,4,3,2,5,3,4,1,2,1,3,4,1,3,1,2,1
555,1,3,5,1,5,2,4,2,4,1,2,1,4,5,4,3,4,3,5,3,3,2,3,3,5,2,4,1,1,4,1,1
556,1,3,5,1,5,2,3,2,1,7,1,1,4,5,5,5,5,2,4,1,1,3,1,2,1,1,5,1,1,1,1,1
557,1,4,4,2,2,2,1,3,3,3,1,1,4,4,4,4,4,1,1,1,1,2,2,2,1,1,1,2,2,2,2,1
558,1,3,4,2,3,2,3,3,3,3,1,1,4,4,4,4,1,1,1,1,2,2,2,3,1,2,1,1,1,2,2,2
559,1,4,4,2,2,2,1,3,2,2,1,1,4,4,4,5,1,1,2,2,2,2,1,1,1,2,2,2,2,2,2,1
560,1,3,3,2,3,1,1,3,2,1,1,2,4,4,4,4,4,3,4,1,1,1,1,1,2,2,2,2,1,1,1,1
561,1,3,3,1,2,2,3,3,3,2,2,1,4,4,5,5,5,3,3,3,3,3,3,3,2,1,1,1,1,1,2,2
562,1,4,4,2,3,2,4,4,4,4,1,2,4,4,4,4,4,4,3,3,3,1,1,1,2,1,1,1,1,1,1,1
563,1,3,4,1,2,2,1,3,2,1,1,1,4,4,5,4,4,4,2,2,2,2,2,2,3,3,3,1,3,3,2,2
564,1,3,1,3,2,1,3,3,1,1,1,1,4,4,4,4,4,4,3,2,3,2,2,2,2,2,2,2,1,1,1,1
565,1,4,5,2,3,2,4,5,5,1,1,1,4,4,4,4,4,2,2,2,2,2,2,1,1,1,1,1,2,2,2,1
566,1,4,4,2,3,2,4,5,4,4,1,1,4,4,5,4,4,1,1,1,1,2,2,2,1,2,2,2,2,2,1,1
567,1,4,4,1,2,1,5,4,3,1,1,2,4,4,5,4,1,1,1,1,2,2,2,1,1,1,2,2,1,1,1,1
568,1,3,4,1,3,2,4,3,3,1,1,2,4,4,4,1,1,1,2,3,3,1,1,1,1,2,1,1,1,2,2,2
569,1,4,2,2,3,2,4,4,4,3,2,2,4,4,1,1,1,1,1,1,2,2,1,1,1,1,1,1,1,2,1,1
570,1,4,4,2,3,2,4,4,3,3,2,2,5,3,3,3,5,2,1,1,1,2,2,2,2,1,1,2,1,1,3,1
571,1,4,6,2,2,1,3,3,2,1,1,1,4,4,3,5,3,1,3,2,1,1,1,1,1,1,1,2,2,2,1,1
572,1,4,5,1,2,2,1,3,2,1,1,2,4,4,4,1,1,1,1,3,3,3,1,2,1,1,1,2,2,1,1,1
573,1,5,4,1,2,1,3,2,1,2,1,2,4,4,2,1,1,1,2,2,3,3,3,1,1,1,1,1,1,2,1,1
574,1,4,4,2,2,1,3,3,2,1,1,1,4,4,1,1,1,1,1,1,2,2,2,1,3,3,1,3,2,2,2,2
575,1,6,6,2,2,2,1,3,2,2,1,2,4,4,1,1,3,1,1,1,2,2,2,1,1,1,1,1,1,2,2,2
576,1,4,3,2,3,2,4,4,3,2,1,2,4,1,4,1,1,1,2,2,2,1,1,3,1,1,1,1,1,1,1,1
577,1,5,5,2,3,2,4,3,3,2,1,2,4,4,4,4,2,2,1,1,1,2,2,2,1,1,1,1,1,1,1,1
578,1,4,4,2,3,2,4,3,2,1,1,2,4,4,4,1,1,1,1,1,2,2,2,1,1,1,2,1,1,1,1,1
579,1,4,5,2,2,1,2,2,1,1,1,2,4,4,1,1,1,1,2,3,1,1,1,1,1,1,1,1,2,2,1,1
580,1,2,3,1,3,2,4,1,1,7,1,2,4,5,1,1,1,1,1,1,1,1,1,2,2,2,2,2,2,2,1,1
581,1,5,2,2,2,1,2,2,3,1,1,3,4,4,2,1,1,1,1,1,2,2,2,2,1,1,1,1,1,2,2,2
582,1,3,5,2,2,2,2,1,2,2,1,2,4,5,4,4,1,1,1,1,2,1,1,1,2,2,1,1,1,1,1,1
583,1,3,4,2,1,2,1,3,3,2,1,2,4,3,1,1,1,2,2,1,2,1,1,1,2,2,3,3,1,1,1,1
584,1,4,4,2,3,2,4,4,4,2,1,2,4,4,1,4,4,4,1,2,2,2,2,2,1,1,1,2,2,2,2,2
585,1,2,4,4,2,2,2,1,3,2,1,1,4,4,2,2,2,1,2,2,1,1,1,2,2,2,2,2,2,2,2,2
586,1,4,4,2,3,2,4,3,3,3,1,2,1,2,4,4,4,4,1,2,2,2,2,2,2,2,1,1,1,1,1,1
587,1,4,4,2,3,2,2,2,4,3,1,2,1,1,1,3,3,3,1,1,2,2,2,2,2,2,1,1,1,1,1,1
588,1,3,5,1,3,2,2,3,3,2,2,1,4,4,4,4,3,1,1,1,2,2,1,1,1,1,2,2,2,1,1,1
589,1,4,5,2,3,2,2,3,3,2,2,2,4,4,1,1,1,1,1,2,2,1,1,1,1,2,2,2,1,1,1,1
590,1,4,1,4,1,2,3,3,2,1,1,2,1,1,2,2,2,1,2,1,1,1,2,2,2,2,2,1,1,2,1,2
591,1,5,5,2,3,2,2,2,2,1,1,2,2,2,2,1,1,1,2,2,1,1,1,1,2,2,2,3,1,1,1,1
592,1,5,2,2,2,1,3,2,2,1,1,2,1,1,2,2,1,1,1,1,1,2,2,1,1,1,1,1,1,1,1,1
593,1,3,5,1,2,2,3,2,1,1,1,2,1,1,1,2,2,2,2,2,1,1,1,1,1,2,3,1,1,1,1,1
594,1,4,5,2,2,2,1,3,2,2,2,1,1,1,2,2,2,2,1,1,2,2,2,2,2,2,2,1,1,1,1,1
595,1,3,4,1,2,2,1,2,2,1,1,2,1,2,2,2,1,1,2,3,2,1,1,1,2,2,2,1,1,2,1,1
596,1,4,4,1,2,2,3,3,2,7,1,1,1,1,2,2,2,2,1,1,1,2,2,2,2,2,1,1,1,1,2,2
597,1,3,4,1,3,2,4,3,3,3,2,1,1,1,2,2,1,1,1,1,1,1,1,2,2,1,1,1,1,1,2,1
598,1,3,4,1,3,2,3,2,2,2,1,1,1,1,2,2,2,2,1,1,1,2,2,1,1,1,2,2,2,2,2,2
599,1,4,5,2,2,2,1,3,2,1,1,1,1,2,2,2,2,2,2,1,1,1,1,1,2,2,1,1,1,1,1,1
600,1,4,6,2,1,2,1,3,3,1,1,1,3,3,1,2,2,2,1,1,1,1,1,1,2,2,1,1,1,1,1,1
601,1,2,4,1,2,2,3,2,2,2,1,1,1,1,1,1,2,1,1,1,1,2,2,2,1,1,2,2,2,2,1,1
602,1,4,4,1,2,2,1,3,2,2,1,1,1,1,2,1,1,1,1,1,1,1,2,2,2,2,2,1,2,1,1,1
603,1,4,2,5,2,2,1,3,4,2,1,2,5,4,2,1,1,1,1,1,1,1,2,1,1,1,1,1,1,1,1,1
604,1,2,4,1,2,2,1,3,2,1,1,1,1,1,2,2,2,2,1,1,1,1,1,1,1,1,1,1,1,1,1,1
605,1,4,5,2,2,2,3,3,3,2,1,1,1,1,1,1,1,1,1,3,3,3,3,4,4,4,4,4,2,2,2,1
606,1,3,2,2,2,1,3,3,3,3,1,1,2,2,2,2,2,4,1,1,1,1,3,1,3,3,2,5,2,2,2,2
607,1,2,1,1,3,1,3,3,3,3,1,2,5,5,4,5,4,1,1,1,1,2,2,2,3,3,5,5,5,5,3,3
608,1,2,3,1,2,2,2,2,3,2,2,2,4,2,3,3,5,4,5,5,5,3,2,5,1,4,4,4,4,5,5,1
609,1,4,4,6,2,2,2,2,2,1,1,2,1,2,2,2,2,1,1,2,2,2,2,1,1,1,1,1,1,1,1,1
610,1,4,4,2,3,2,4,4,4,4,2,2,4,4,4,5,4,1,1,1,1,1,1,1,2,1,2,2,2,2,2,2
611,1,3,2,2,2,2,1,3,3,3,1,2,4,4,5,4,4,4,1,3,3,1,1,1,3,1,1,1,1,1,1,1
612,1,4,4,3,3,2,1,3,3,3,2,2,4,4,4,4,4,1,1,1,1,4,4,4,4,4,4,1,1,1,1,1
613,1,4,4,4,2,2,2,2,2,4,4,2,4,4,4,4,4,1,2,2,2,2,2,1,1,1,1,1,1,1,1,1
614,1,1,3,3,4,2,2,2,3,3,1,2,2,4,4,4,4,1,1,1,2,2,2,3,3,3,1,1,1,1,1,1
615,1,3,2,2,3,2,4,5,5,4,2,2,5,4,4,5,5,4,4,2,2,3,1,3,3,3,2,1,1,1,1,1
616,1,4,6,2,2,2,2,1,3,3,3,1,2,1,1,2,1,1,1,1,1,1,1,2,2,1,1,1,1,1,1,1
617,1,4,5,1,2,2,1,3,3,3,2,2,4,4,4,2,2,1,1,1,1,1,2,2,2,2,1,1,1,1,1,1
618,1,3,2,2,2,2,3,3,2,1,2,1,5,5,5,5,4,1,5,1,1,1,1,1,1,1,2,1,1,1,1,1
619,1,4,5,1,2,1,3,3,3,3,1,2,4,4,4,4,2,2,1,5,1,1,2,2,1,1,3,3,3,3,3,1
620,1,4,5,1,2,2,1,3,3,1,1,2,4,4,4,4,4,4,5,5,2,2,2,2,2,2,1,1,1,3,3,1
621,1,4,1,2,2,1,3,2,1,1,1,1,5,4,4,5,5,1,1,1,1,1,2,2,2,2,1,1,1,1,1,1
622,1,4,5,3,3,2,1,3,2,2,1,1,5,5,4,4,4,2,2,2,2,2,2,1,1,1,1,1,2,1,1,1
623,1,4,5,2,3,2,4,2,4,4,3,1,4,4,4,5,5,1,1,1,1,1,2,1,1,1,1,1,2,2,2,2
624,1,4,4,3,3,2,1,3,3,3,3,3,5,5,4,4,4,5,1,1,1,2,2,2,2,1,1,1,2,2,1,1
