SL_Number,Gender,Age,Education,Monthly_Income,Current_Profession,Type_of_M/C_driving,"If_Non-professional,_what_is_the_major_purpose?",How_much_time_you_spent_on_motorcycle_riding_daily?,Motorcycle_driving_experience,How_many_years_ago_you_got_your_driving_license?,"As_a_motorcyclist,_how_many_times_were_you_injured_within_last_1_year?",Where_do_you_drive_motorcycle_generally?,How_often_do_you_wear_helmet?,What_type_of_helmet_do_you_normally_use?,It_is_acceptable_to_ride_on_a_motorbike_without_a_helmet,Helmet_use_is_not_necessary_for_passengers,Wearing_a_helmet_does_not_reduce_the_severity_of_head_injury_in_a_crash,Helmet_use_is_not_necessary_during_riding_in_low-speed_road,Helmet_use_is_not_necessary_for_children,Wearing_a_helmet_is_not_necessary_when_riding_a_short_trip_(less_than_2km),It_is_not_acceptable_to_wear_helmet_during_hot_weather,Helmet_use_is_more_necessary_during_the_day_time_than_night,Wearing_helmet_is_important_just_to_avoid_police_fines,There_is_no_need__for_the_experienced_driver_to_wear_helmet,If_you_are_a_good_driver_it_is_acceptable_to_drive_a_little_faster,"If_there_are_many_motorcyclists_who_are_driving_in_wrong_side_or_violating_traffic_rules,_it_is_acceptable_to_follow_them",It_is_not_necessary_always_to_reduce_speed_or_yield_at_pedestrian_when_they_are_crossing_the_road,Punishments_for_speeding_or_rule_violation_should_be_more_severe,"When_the_road_is_clear,_there_is_no_need_to_reduce_speed_at_intersection",It_is_acceptable_to_receive_any_important_phone_call_during_riding/driving_motorcycle,Follow_road_sign_and_marking_while_(during)_riding/driving_the_motorcycle,Receive_mobile_calls_while_(during)_riding/driving_the_motorcycle,Carry_pillion_passenger_without_helmet,Ride/drive_motorcycle_while_not_being_physically_fit_or_not_having_sound_mind,Ride/drive_motorcycle_with_mechanical_problems,"Overtake_slow_moving_vehicles,_like,_rickshaw,_bicycle_from_left_side_to_save_time",Speeding_to_cross_intersection_during_red_signal_or_when_police_signals/stops,Ride/drive_motorcycle_with_expired_documents,Do_not_pay_attention_to_the_pedestrians_when_they_walk_or_try_to_cross_the_road_or_intersection,Use_minimum_path_(short-cut)_while_turning_right_or_left,Ride/drive_on_the_wrong-side_of_the_road_to_avoid_traffic_congestion_at_3_or_4-leg_intersections_or_even_to_overtake_other_vehicles,Forget_to_look_at_the_side_mirrors_or_to_put_on_indicators_while_lane_changing_or_turning,Try_to_overtake_the_vehicle_in_front_(ahead_of_me)_without_paying_attention_to_his_indicators,Use_horn_frequently_while_riding/driving_so_that_vehicles_or_pedestrians_in_front_move_aside,Q17,Q18,Q19,Q21,Q25,Q26
1,1,2,5,1,4,2,3,2,1,1,1,1,2,2,2,2,1,4,4,4,4,5,4,4,4,4,5,2,4,5,4,2,2,4,4,2,4,1,1,2,2,2,1,2,2,2,1,4,4,4
2,1,3,6,6,1,2,5,1,4,4,1,1,1,1,5,5,5,5,5,5,5,3,5,5,5,5,5,5,5,5,5,1,1,1,1,1,1,1,1,1,1,1,1,1,5,5,5,5,5,5
3,1,3,6,1,4,2,5,2,5,7,1,2,4,1,5,5,5,5,5,5,5,4,5,5,3,4,5,4,5,5,3,3,4,3,3,1,1,5,2,1,1,1,1,4,5,5,5,5,5,5
4,1,3,5,1,4,2,5,2,4,1,1,2,1,1,5,5,5,5,5,5,5,5,5,5,5,5,5,5,5,5,5,1,1,1,1,1,1,1,1,1,1,1,1,1,5,5,5,5,5,5
5,1,3,6,3,1,2,1,1,1,1,2,2,2,2,4,4,2,4,4,4,4,4,4,4,5,5,5,4,4,5,4,1,3,2,2,1,2,1,2,2,2,1,1,2,4,4,2,4,4,4
6,1,2,5,1,4,2,3,2,1,1,1,1,1,1,5,5,5,4,5,4,4,4,5,5,4,2,4,4,5,5,4,2,3,1,1,2,1,1,1,1,2,1,1,3,5,5,5,5,5,5
7,1,2,5,1,4,2,5,2,5,7,2,1,1,4,5,5,5,5,5,5,5,5,5,5,4,4,4,2,4,4,4,1,1,1,1,1,1,1,5,1,1,1,1,4,5,5,5,5,5,5
8,1,3,5,1,4,2,5,1,4,7,1,1,2,1,2,5,5,3,4,4,4,2,2,5,4,4,4,2,2,5,4,1,4,1,1,4,2,2,2,3,2,1,2,2,2,5,5,4,2,5
9,1,3,6,1,4,2,5,1,6,1,1,2,1,2,5,1,5,2,5,5,5,5,5,5,4,4,5,4,5,5,1,1,5,2,1,3,1,1,5,5,5,5,5,3,5,1,5,5,5,5
10,1,2,5,1,4,2,5,1,2,1,1,2,2,1,5,4,4,4,4,3,4,2,4,5,4,5,5,1,4,4,5,1,3,1,1,3,1,1,1,1,1,3,1,4,5,4,4,4,4,5
11,1,3,5,1,4,2,3,2,5,1,2,2,2,1,5,5,5,1,5,1,5,5,5,5,5,5,5,5,5,5,5,3,3,1,1,2,2,3,1,2,2,2,2,5,5,5,5,5,5,5
12,1,3,5,1,4,2,5,2,1,7,2,2,1,1,4,4,5,4,5,4,5,5,5,4,2,3,3,1,3,2,4,2,5,1,2,4,1,1,1,2,1,1,2,1,4,4,5,5,5,4
13,1,3,6,3,1,2,5,1,4,4,2,2,3,2,5,5,1,3,5,5,5,5,5,5,5,5,5,1,5,5,3,1,3,3,1,3,3,2,1,2,2,1,1,5,5,5,1,5,5,5
14,1,4,6,3,2,2,5,3,2,2,1,2,2,2,4,4,5,4,5,4,4,4,4,4,4,4,4,3,3,4,2,2,2,3,2,2,2,1,1,2,1,1,1,2,4,4,5,5,4,4
15,2,5,6,3,1,2,1,2,3,3,1,1,2,2,5,5,5,5,5,4,4,4,5,5,4,4,4,1,3,5,4,2,2,1,1,2,1,1,1,1,1,1,1,2,5,5,5,5,5,5
16,2,4,5,2,2,2,1,3,4,4,2,2,2,3,5,5,5,4,5,4,4,4,4,4,4,4,4,3,4,4,4,2,2,2,1,1,1,1,1,1,1,1,1,2,5,5,5,5,4,4
17,1,7,5,4,1,2,5,2,6,6,1,1,2,2,4,4,5,5,5,4,4,4,4,4,4,4,4,4,5,4,4,2,3,2,2,2,1,1,1,1,1,1,2,2,4,4,5,5,4,4
18,1,2,2,1,3,1,6,5,1,7,2,2,3,2,4,4,4,3,4,4,3,3,3,4,4,4,4,3,4,4,4,2,3,2,1,2,1,4,1,2,2,1,1,2,4,4,4,4,3,4
19,1,3,3,2,3,1,6,4,2,2,1,1,2,2,4,4,5,5,5,5,4,4,4,4,2,4,4,4,4,4,4,2,2,2,1,2,1,1,1,1,2,1,1,2,4,4,5,5,4,4
20,1,3,2,1,3,1,6,4,2,2,1,1,2,2,4,4,4,4,4,4,4,4,4,4,4,4,4,5,4,4,4,2,2,2,1,2,2,1,1,1,1,1,1,2,4,4,4,4,4,4
21,1,5,6,3,1,2,1,2,3,3,1,1,2,1,5,5,5,5,5,5,5,5,4,4,4,5,4,5,4,4,4,2,2,2,1,1,1,1,1,1,1,1,1,1,5,5,5,5,4,4
22,1,3,4,1,5,2,5,3,1,1,1,2,2,2,4,4,5,4,4,4,4,4,4,4,4,4,4,4,4,4,3,3,3,2,2,2,3,1,1,1,2,2,1,3,4,4,5,4,4,4
23,1,8,6,3,1,2,5,2,6,6,1,1,1,3,5,5,5,4,5,4,5,4,4,4,4,4,4,4,4,5,4,2,2,2,1,2,1,1,1,1,1,1,1,2,5,5,5,5,4,4
24,1,4,4,2,2,2,1,3,3,3,1,1,2,2,4,3,4,4,4,2,4,4,4,3,4,4,1,5,4,4,4,2,3,3,2,2,1,1,1,1,1,1,1,3,4,3,4,4,4,3
25,2,3,5,1,4,2,3,2,2,2,1,1,1,1,4,4,5,5,5,5,5,3,4,4,4,4,4,5,4,4,4,2,2,1,1,1,1,1,1,1,1,1,1,2,4,4,5,5,4,4
26,1,2,4,1,3,1,6,4,1,1,2,2,2,2,4,4,4,3,4,4,4,3,4,3,2,3,4,5,4,3,4,2,3,2,2,2,2,1,1,1,2,1,1,3,4,4,4,4,4,3
27,1,3,6,2,2,2,1,2,2,1,1,2,2,1,2,3,4,4,4,2,4,4,4,4,2,4,4,4,4,4,4,2,4,2,2,2,1,2,1,1,1,2,1,3,2,3,4,4,4,4
28,1,4,5,2,2,2,5,2,2,2,1,1,2,1,3,4,4,4,4,2,4,4,4,4,4,4,4,5,4,4,4,2,3,2,2,1,1,1,1,1,1,1,1,3,3,4,4,4,4,4
29,1,8,5,4,5,2,5,2,6,6,1,1,2,2,4,4,4,4,4,4,4,4,4,4,4,4,4,5,4,4,4,1,2,1,1,1,1,2,1,1,1,1,1,1,4,4,4,4,4,4
30,1,8,4,2,1,2,1,2,5,5,1,1,2,1,4,4,4,4,4,4,4,4,4,4,4,4,4,5,5,5,4,2,3,2,2,1,1,1,1,1,1,1,1,4,4,4,4,4,4,4
31,1,6,5,2,3,1,6,4,2,2,2,1,1,1,4,4,4,4,4,4,4,5,5,5,4,4,4,4,4,4,5,2,1,2,1,1,1,1,1,1,1,1,1,2,4,4,4,4,5,5
32,1,2,4,1,3,1,6,3,1,1,1,1,2,2,4,4,4,4,4,4,4,4,4,4,4,4,5,5,4,4,5,2,1,1,1,2,3,1,1,2,3,1,1,3,4,4,4,4,4,4
33,1,3,2,1,3,1,6,4,2,1,2,2,2,2,4,4,4,2,4,2,3,4,4,3,2,2,4,5,2,4,3,2,4,2,2,3,3,2,1,1,1,3,2,4,4,4,4,4,4,3
34,1,6,2,2,3,1,6,5,3,2,1,2,2,2,2,2,4,4,4,4,4,4,2,3,2,2,4,4,4,4,3,3,4,2,2,3,3,1,1,2,1,1,1,3,2,2,4,4,2,3
35,1,6,1,2,3,1,6,5,4,3,1,2,2,3,4,4,4,4,5,2,3,4,2,3,2,2,4,5,5,4,4,4,4,2,2,2,2,2,1,2,2,1,1,3,4,4,4,5,2,3
36,1,5,4,2,1,2,1,2,3,3,1,2,2,2,4,4,4,2,4,4,4,4,4,3,2,2,4,2,2,4,3,2,4,2,2,2,3,2,2,1,1,1,1,4,4,4,4,4,4,3
37,1,6,5,3,2,2,1,3,4,4,2,1,2,2,4,4,4,4,5,5,5,5,5,5,4,4,4,5,4,4,5,2,2,2,2,2,1,1,1,1,2,2,1,3,4,4,4,5,5,5
38,1,3,5,1,4,2,5,2,2,2,2,1,2,1,4,4,5,5,5,4,4,4,4,4,4,4,4,4,4,4,4,2,2,2,1,2,1,1,1,1,1,1,1,3,4,4,5,5,4,4
39,1,3,4,1,3,1,6,3,1,2,1,1,2,2,4,4,4,4,4,4,4,4,4,4,2,4,4,5,4,4,5,2,1,1,1,2,1,1,1,1,1,1,1,3,4,4,4,4,4,4
40,1,4,6,2,1,2,5,2,2,2,2,1,2,3,4,4,4,4,5,4,4,4,4,4,4,4,4,5,5,2,4,1,2,2,2,2,1,1,1,2,2,3,2,3,4,4,4,5,4,4
41,2,6,2,2,3,1,6,5,4,3,2,2,3,3,2,2,4,4,4,2,3,2,2,4,4,4,4,5,3,4,3,2,4,2,2,2,2,3,2,1,1,1,1,3,2,2,4,4,2,4
42,1,5,1,2,3,1,6,4,3,3,1,2,4,3,2,2,4,4,4,2,2,4,2,3,2,2,4,5,4,4,3,2,4,2,2,2,2,3,1,1,2,1,2,3,2,2,4,4,2,3
43,1,3,3,2,3,1,6,5,2,2,2,2,3,2,2,2,4,4,4,4,4,4,4,4,4,4,5,5,5,4,3,2,4,2,2,2,2,2,2,2,2,2,1,3,2,2,4,4,4,4
44,1,6,2,1,3,1,6,4,4,2,1,2,3,2,2,4,4,2,4,2,4,4,2,3,4,4,4,4,4,3,3,2,4,2,2,2,2,3,1,1,3,2,2,4,2,4,4,4,2,3
45,1,4,6,2,2,2,5,3,2,2,1,2,2,2,3,4,4,4,4,4,4,4,4,4,4,4,4,4,4,4,4,2,2,1,1,2,2,2,1,1,1,2,2,2,3,4,4,4,4,4
46,1,4,4,2,1,2,1,2,2,2,1,2,2,2,4,4,4,4,4,4,4,5,4,4,4,4,4,4,2,4,3,2,3,2,1,2,1,2,1,1,1,1,1,3,4,4,4,4,4,4
47,2,3,6,2,2,2,1,3,1,1,1,1,1,1,4,4,5,5,5,4,4,4,4,4,4,4,4,4,4,4,4,2,2,2,1,2,1,1,1,1,1,1,1,2,4,4,5,5,4,4
48,1,7,3,2,2,2,1,3,6,6,1,2,2,2,4,4,4,4,4,3,3,3,4,4,4,4,4,5,1,4,4,2,4,2,2,3,2,1,1,1,1,1,1,3,4,4,4,4,4,4
49,2,4,4,2,1,2,1,2,2,2,1,1,2,2,4,4,4,4,4,4,4,4,4,4,2,4,4,4,4,4,4,1,2,2,1,1,1,1,1,1,1,1,1,1,4,4,4,4,4,4
50,1,4,6,2,3,2,1,2,2,2,2,2,2,2,4,5,5,5,5,5,5,5,5,5,3,4,4,2,4,4,3,2,3,2,2,2,2,1,1,1,1,1,1,3,4,5,5,5,5,5
51,2,7,4,3,1,2,1,2,6,6,1,1,2,2,4,4,4,4,5,4,4,4,4,4,4,4,4,4,4,4,5,1,1,2,1,1,1,1,1,1,1,2,1,3,4,4,4,5,4,4
52,1,5,5,2,2,2,5,2,2,3,2,1,2,1,4,4,4,4,4,4,4,4,5,5,2,4,4,4,4,4,4,2,2,1,1,3,2,1,1,1,1,2,1,3,4,4,4,4,5,5
53,1,2,5,3,3,2,5,3,1,1,1,1,2,2,4,4,4,3,3,4,4,4,3,4,3,4,5,4,3,3,4,3,2,3,2,4,4,1,3,1,5,4,5,3,4,4,4,3,3,4
54,1,2,5,1,5,2,3,1,1,1,2,2,2,1,4,4,4,4,4,4,4,4,4,4,4,4,4,3,4,4,5,3,2,1,2,2,1,1,1,1,2,2,2,2,4,4,4,4,4,4
55,1,2,5,1,4,2,5,2,3,1,2,2,2,1,4,4,4,4,4,4,4,4,4,4,4,4,4,4,2,4,4,1,3,1,1,1,1,1,1,1,1,1,1,2,4,4,4,4,4,4
56,1,2,5,1,4,2,5,1,3,1,1,2,2,1,5,4,5,3,5,2,5,5,5,3,4,5,4,4,4,5,4,1,3,1,1,2,1,1,1,2,1,1,1,2,5,4,5,5,5,3
57,1,2,4,1,4,2,5,4,3,1,2,2,2,1,4,4,5,2,1,1,3,2,4,5,3,2,2,2,3,3,2,3,5,3,3,2,3,3,1,1,4,2,1,2,4,4,5,1,4,5
58,1,3,6,2,3,1,6,2,4,1,2,2,2,1,4,4,4,2,4,4,4,4,2,4,2,5,5,5,4,5,5,2,3,3,2,1,1,2,1,1,1,1,1,2,4,4,4,4,2,4
59,1,5,5,1,2,1,6,2,2,2,3,2,2,1,4,4,4,4,4,4,5,4,4,4,4,4,4,4,4,4,4,3,2,2,2,3,2,2,2,2,1,2,2,1,4,4,4,4,4,4
60,1,2,5,1,3,2,5,2,2,1,2,2,2,1,4,4,1,4,4,4,4,1,4,4,2,4,4,2,4,4,5,1,3,1,1,1,1,3,5,5,1,1,1,1,4,4,1,4,4,4
61,1,3,6,1,5,2,5,3,6,1,2,2,3,5,1,3,5,3,5,5,5,5,2,5,2,5,5,5,5,5,3,4,4,2,2,2,2,3,5,2,2,1,1,2,1,3,5,5,2,5
62,1,2,5,1,4,2,5,3,2,1,2,2,3,1,4,4,4,4,4,4,4,4,4,4,4,5,5,1,5,5,3,1,3,1,1,3,1,1,1,1,1,1,1,3,4,4,4,4,4,4
63,1,3,6,1,5,2,1,2,3,3,1,1,1,1,5,5,1,4,5,4,5,4,4,5,5,4,5,2,4,5,5,5,4,4,5,2,4,1,5,3,4,3,4,2,5,5,1,5,4,5
64,1,3,5,2,1,2,1,2,2,1,1,1,1,1,1,1,4,4,4,4,4,4,4,4,2,4,4,2,4,4,4,1,3,3,1,2,1,1,1,1,1,2,1,1,1,1,4,4,4,4
65,1,3,5,2,2,2,1,2,2,1,1,1,1,2,5,5,5,1,1,5,5,2,2,5,4,4,4,2,4,4,4,3,3,1,1,1,2,2,2,2,2,2,2,2,5,5,5,1,2,5
66,1,2,5,1,4,2,3,1,1,1,1,2,2,1,4,4,5,2,5,2,4,3,5,5,2,5,5,1,5,5,4,1,5,3,2,2,5,1,1,1,1,1,1,5,4,4,5,5,5,5
67,1,3,6,2,1,2,1,2,1,1,1,1,1,1,5,5,5,5,5,5,4,4,5,5,5,4,4,2,3,2,4,2,2,1,1,2,1,1,5,1,1,4,1,3,5,5,5,5,5,5
68,1,3,6,2,5,2,5,3,1,1,1,1,1,1,5,5,5,5,5,5,5,5,5,5,4,5,3,3,4,4,4,2,1,1,1,2,1,1,3,1,1,2,1,2,5,5,5,5,5,5
69,1,3,6,2,5,2,1,3,1,1,2,1,1,1,5,5,5,4,5,4,5,5,5,5,5,5,5,3,4,3,4,2,2,2,1,2,1,1,2,1,1,3,1,3,5,5,5,5,5,5
70,1,8,5,2,2,1,6,2,4,4,2,2,2,3,4,4,4,4,4,4,4,4,4,4,4,4,4,4,4,4,4,3,4,2,1,3,2,2,1,2,2,2,2,2,4,4,4,4,4,4
71,2,2,4,1,4,2,3,1,1,1,1,2,3,2,4,4,4,4,4,4,4,4,4,4,4,5,4,4,4,4,4,3,4,1,2,2,1,1,1,2,1,2,1,1,4,4,4,4,4,4
72,1,1,3,1,4,2,4,1,1,1,1,2,3,3,4,4,4,4,4,4,4,4,4,4,4,4,4,1,4,4,2,4,5,2,2,3,2,4,4,4,4,3,4,4,4,4,4,4,4,4
73,1,2,5,1,4,2,3,2,3,7,2,2,5,1,1,1,1,1,1,1,1,1,1,1,2,2,2,2,2,2,1,1,1,1,1,1,1,1,1,1,1,1,1,1,1,1,1,1,1,1
74,1,2,4,1,3,1,6,1,2,1,2,2,1,1,5,5,5,5,5,5,5,5,5,5,2,5,5,1,1,5,4,1,1,1,1,1,1,1,1,1,1,1,1,1,5,5,5,5,5,5
75,2,4,5,2,1,2,1,1,1,1,2,2,2,3,4,4,4,4,4,4,4,4,4,4,3,4,4,3,2,3,4,3,4,1,1,2,1,1,2,2,2,3,2,1,4,4,4,4,4,4
76,1,2,3,1,3,2,4,3,2,1,2,2,3,2,5,5,5,5,5,5,5,5,5,5,4,5,5,1,5,5,3,5,5,3,4,2,1,4,4,4,4,4,4,4,5,5,5,5,5,5
77,1,7,6,3,2,1,6,2,6,6,2,2,2,1,4,4,4,4,4,4,4,4,4,4,4,4,4,3,4,4,4,3,4,2,2,2,2,1,2,2,1,2,1,1,4,4,4,4,4,4
78,1,3,3,1,3,1,4,3,2,1,2,2,1,2,5,5,5,5,5,5,5,5,5,5,4,4,4,1,3,4,2,5,5,2,2,4,5,4,4,4,5,4,4,4,5,5,5,5,5,5
79,1,2,5,1,2,2,5,2,1,1,2,2,1,1,1,1,1,1,1,1,1,1,1,1,2,2,2,2,2,2,5,1,1,2,1,1,1,1,5,5,5,4,4,5,1,1,1,1,1,1
80,1,3,6,3,2,2,1,3,1,1,1,1,1,1,5,5,4,4,5,4,5,5,4,4,4,4,4,4,3,3,4,2,3,2,1,2,1,1,2,1,1,3,2,1,5,5,4,5,4,4
81,1,3,6,1,5,2,5,3,3,3,2,1,1,1,4,4,3,4,5,3,4,4,4,3,3,2,2,5,2,2,4,2,2,2,1,2,3,1,5,2,1,2,3,3,4,4,3,5,4,3
82,1,3,6,2,2,2,1,2,3,3,2,1,1,2,5,4,4,3,5,4,3,4,5,4,5,5,4,5,3,2,4,3,2,2,1,3,1,1,2,1,2,3,2,4,5,4,4,5,5,4
83,1,4,6,2,2,2,1,3,1,1,2,1,1,2,5,5,5,3,5,3,5,5,5,5,5,5,4,5,2,2,5,3,2,2,1,3,1,1,2,2,1,3,1,3,5,5,5,5,5,5
84,1,3,3,2,3,2,1,2,3,2,2,1,2,1,4,3,5,4,3,2,3,3,2,4,2,3,4,3,2,2,3,3,3,3,4,4,3,2,3,2,2,4,3,2,4,3,5,3,2,4
85,2,2,5,1,4,2,3,2,1,1,3,2,1,2,5,1,1,4,5,4,4,1,4,5,3,4,4,2,3,4,4,2,2,1,1,2,1,1,2,2,2,1,2,2,5,1,1,5,4,5
86,1,5,2,1,5,1,6,5,3,3,4,1,1,1,4,2,1,4,4,3,2,1,3,4,2,3,4,2,4,4,4,3,2,3,2,3,2,3,2,3,2,2,2,2,4,2,1,4,3,4
87,1,2,5,1,4,2,5,1,1,7,1,2,1,1,5,5,4,4,4,4,4,4,1,5,2,5,1,1,5,4,4,1,1,1,1,1,1,2,1,1,1,1,1,2,5,5,4,4,1,5
88,1,2,6,1,4,2,5,2,1,1,1,2,3,1,4,4,4,4,4,4,4,4,4,4,4,4,4,1,4,4,2,2,4,2,1,1,1,1,1,1,1,1,1,1,4,4,4,4,4,4
89,1,1,5,1,4,2,3,2,1,1,1,1,2,1,4,4,4,3,4,4,4,2,2,5,4,4,4,1,1,1,4,2,2,2,2,2,2,1,2,2,2,1,1,1,4,4,4,4,2,5
90,1,3,6,1,4,2,5,1,5,7,1,2,2,1,1,4,2,1,4,1,4,1,1,5,4,5,5,1,5,4,2,3,3,1,1,4,2,3,1,2,1,1,1,5,1,4,2,4,1,5
91,1,2,5,1,3,1,5,2,2,7,1,2,2,1,5,5,5,5,5,5,4,4,5,5,5,5,5,4,5,5,5,1,1,1,1,1,1,1,1,1,1,1,1,1,5,5,5,5,5,5
92,1,3,6,1,4,2,5,1,1,1,1,2,3,1,3,3,2,4,2,4,2,3,3,2,2,4,4,2,2,3,2,2,3,1,4,1,4,4,4,4,4,4,3,3,3,3,2,2,3,2
93,1,3,5,1,4,2,3,2,2,2,1,2,3,1,4,4,4,2,4,2,4,2,4,4,2,4,4,4,4,4,5,2,3,1,1,2,1,1,1,1,1,1,1,1,4,4,4,4,4,4
94,1,3,5,1,4,2,5,1,4,7,2,2,3,2,4,4,4,4,4,4,4,1,1,4,2,3,4,1,4,4,3,3,3,1,1,2,1,3,2,2,3,3,3,2,4,4,4,4,1,4
95,1,3,5,1,4,2,3,2,2,2,1,2,1,1,1,2,2,1,2,3,2,3,3,1,1,2,2,2,2,2,1,1,3,3,3,1,1,2,2,2,3,2,2,1,1,2,2,2,3,1
96,1,2,6,2,2,1,3,2,2,2,1,1,1,2,3,1,3,1,3,1,1,3,1,3,1,3,1,3,1,3,3,1,2,2,2,2,2,2,2,2,2,1,2,3,3,1,3,3,1,3
97,1,3,1,6,3,1,2,4,3,2,3,2,3,5,1,3,1,3,3,1,2,2,2,2,2,2,1,3,1,3,1,2,2,1,2,2,2,2,1,2,3,2,2,2,1,3,1,3,2,2
98,1,6,4,3,1,2,1,3,5,6,1,1,2,1,5,5,5,4,5,4,4,1,5,5,5,5,5,2,4,4,4,2,2,2,2,2,2,1,4,4,2,2,2,2,5,5,5,5,5,5
99,1,3,6,2,2,2,1,2,2,2,2,1,2,1,4,4,4,3,4,3,4,4,5,4,5,4,4,5,2,2,4,3,3,2,1,2,2,1,5,2,1,3,1,3,4,4,4,4,5,4
100,1,2,5,1,4,2,3,1,1,1,1,2,1,2,4,4,2,4,4,4,4,4,4,4,4,4,4,4,4,4,3,5,4,4,4,5,5,1,1,1,2,2,1,1,4,4,2,4,4,4
101,1,4,5,3,3,2,2,2,3,3,1,1,2,2,4,4,4,3,4,2,4,4,4,4,4,4,4,2,1,2,4,2,2,2,1,3,1,3,2,2,1,3,2,4,4,4,4,4,4,4
102,1,6,6,3,3,2,5,3,4,4,2,1,1,1,5,4,5,4,5,3,4,4,5,5,4,4,3,2,2,3,5,2,2,1,1,3,1,2,4,2,1,1,1,3,5,4,5,5,5,5
103,1,2,5,1,4,2,5,1,3,1,1,2,2,1,4,4,4,4,4,4,4,2,5,5,4,5,2,5,5,5,4,1,2,2,1,1,1,1,1,1,1,1,2,1,4,4,4,4,5,5
104,1,4,4,4,1,2,2,3,2,3,3,1,2,2,2,2,2,1,2,1,2,2,3,3,1,2,2,2,2,1,1,2,2,1,1,2,2,2,2,1,2,2,1,1,2,2,2,2,3,3
105,1,2,3,4,4,1,2,3,3,4,3,2,3,3,2,2,1,2,3,2,3,3,3,2,2,2,1,2,2,1,1,2,2,2,1,2,2,1,2,2,1,2,2,2,2,2,1,3,3,2
106,1,2,5,3,1,2,1,2,2,2,2,2,2,1,1,2,3,1,1,3,3,1,1,3,3,1,1,3,1,3,3,1,3,1,3,1,3,2,2,2,1,1,2,1,1,2,3,1,1,3
107,2,3,6,3,1,2,1,3,3,3,1,2,2,3,1,3,3,1,2,3,2,1,2,2,2,2,2,1,1,1,1,3,3,1,3,1,1,2,3,3,2,3,2,3,1,3,3,2,2,2
108,1,2,5,1,4,2,6,1,1,1,1,2,2,2,4,4,4,4,4,4,4,4,4,4,4,4,4,4,4,4,1,1,1,2,2,2,1,3,2,3,2,1,3,1,4,4,4,4,4,4
109,1,4,5,3,2,2,6,2,6,4,2,2,1,1,4,3,4,4,4,4,4,4,4,4,4,4,4,4,4,4,2,2,3,1,1,2,3,3,2,2,1,2,1,2,4,3,4,4,4,4
110,1,5,4,2,3,1,5,6,2,2,2,1,1,2,4,4,5,2,4,2,3,4,4,4,4,4,4,5,2,2,4,2,2,2,1,2,4,2,5,2,2,1,1,3,4,4,5,4,4,4
111,1,3,6,1,5,2,5,2,2,2,1,1,2,1,4,4,5,3,4,3,3,2,3,4,4,4,4,2,1,2,4,2,2,2,1,3,2,2,5,2,1,2,1,4,4,4,5,4,3,4
112,1,4,5,1,4,2,3,2,2,2,3,1,1,1,4,4,5,4,5,3,4,3,4,5,4,4,4,1,4,2,4,3,3,2,1,3,2,1,2,2,2,3,1,4,4,4,5,5,4,5
113,1,4,5,3,5,2,3,3,2,2,3,1,1,1,5,3,5,3,4,3,4,3,4,4,4,2,4,2,2,2,5,3,4,2,1,3,1,1,5,3,2,2,5,4,5,3,5,4,4,4
114,1,5,4,4,3,2,2,2,4,4,1,1,2,1,4,2,4,2,4,2,4,3,4,5,4,2,4,5,2,2,4,3,2,2,1,3,1,2,5,4,2,2,1,3,4,2,4,4,4,5
115,1,2,5,1,4,2,3,2,2,2,1,1,1,1,5,5,5,5,5,4,4,5,5,5,4,5,5,2,4,4,5,1,2,2,1,2,1,1,5,2,1,1,1,2,5,5,5,5,5,5
116,1,3,6,3,2,2,1,2,3,3,1,1,1,2,4,2,5,2,3,2,4,4,5,5,4,4,4,5,4,2,4,2,3,2,1,3,2,1,5,2,2,1,1,3,4,2,5,3,5,5
117,1,3,5,1,4,2,3,2,2,2,1,1,2,1,4,5,4,4,5,3,3,4,4,4,4,5,5,2,4,4,4,2,3,2,1,2,1,1,5,2,3,5,1,4,4,5,4,5,4,4
118,1,6,6,2,5,2,5,2,6,1,2,2,2,3,5,5,5,4,5,4,5,5,4,5,2,5,5,2,4,3,4,1,4,3,3,2,1,1,2,2,2,1,2,1,5,5,5,5,4,5
119,1,3,5,1,4,2,3,2,4,3,1,2,2,1,2,2,3,3,3,3,2,2,1,3,2,3,3,3,3,3,3,3,3,2,1,2,3,1,3,3,3,2,2,3,2,2,3,3,1,3
120,1,2,5,2,4,2,5,2,5,1,1,2,2,1,4,5,5,4,5,4,4,3,3,5,3,4,4,3,4,2,5,3,3,3,2,2,1,1,1,1,2,1,1,3,4,5,5,5,3,5
121,1,6,6,4,3,2,5,3,6,4,1,2,5,1,1,1,1,4,4,4,1,4,4,4,4,4,1,1,4,4,3,3,4,5,4,4,4,3,1,1,3,1,3,3,1,1,1,4,4,4
122,1,3,5,1,4,2,5,2,2,2,1,2,1,1,5,5,5,4,5,5,5,5,5,5,5,5,5,1,5,5,5,1,5,1,1,1,1,1,1,1,1,1,1,1,5,5,5,5,5,5
123,1,5,4,2,3,1,6,6,2,2,1,1,1,2,4,4,5,3,4,2,4,4,4,4,4,3,5,4,4,3,5,2,1,3,1,3,2,1,1,1,2,1,1,4,4,4,5,4,4,4
124,1,3,4,2,3,1,6,6,3,3,2,1,2,2,4,3,4,2,4,3,4,4,4,5,5,3,3,5,2,2,5,2,2,3,1,3,2,2,4,2,3,5,1,3,4,3,4,4,4,5
125,1,3,5,1,4,2,3,2,2,2,1,1,2,1,5,3,4,2,4,2,4,4,4,5,4,5,5,3,3,2,4,2,3,2,1,2,2,1,5,3,2,3,1,3,5,3,4,4,4,5
126,1,5,4,3,3,2,5,2,4,4,1,1,2,2,4,2,4,2,3,2,2,4,2,3,4,3,2,5,2,2,3,3,5,3,1,3,2,2,5,3,2,5,1,2,4,2,4,3,2,3
127,1,3,5,1,5,2,4,2,2,2,3,1,2,1,4,2,4,2,4,3,4,4,2,4,4,4,5,3,2,2,4,2,4,2,1,3,2,1,5,2,2,5,1,2,4,2,4,4,2,4
128,1,4,4,2,3,1,6,6,4,4,1,1,1,2,5,5,5,4,4,3,4,4,4,5,5,5,5,3,4,4,4,2,1,3,1,2,1,2,5,3,2,4,1,3,5,5,5,4,4,5
129,1,2,4,1,4,2,3,3,1,1,2,1,2,1,4,2,4,2,4,2,3,5,2,5,4,4,5,2,4,2,4,1,3,2,1,2,2,1,5,2,2,3,1,4,4,2,4,4,2,5
130,1,3,6,3,2,2,1,3,2,2,1,1,2,1,5,4,4,4,4,4,4,5,3,4,4,5,5,3,4,4,4,1,3,2,1,2,2,1,5,2,2,1,1,2,5,4,4,4,3,4
131,1,3,6,3,2,2,1,2,1,1,2,1,2,2,4,3,4,3,3,4,3,4,3,4,4,5,5,2,4,4,4,2,4,3,1,2,1,1,5,3,3,1,2,1,4,3,4,3,3,4
132,1,2,4,1,4,2,5,3,1,1,2,1,2,1,4,2,3,2,2,2,4,5,2,4,5,4,4,4,2,2,4,3,5,2,1,3,1,1,5,3,2,2,1,2,4,2,3,2,2,4
133,1,4,4,2,1,2,1,2,4,4,2,1,1,1,5,5,5,5,5,5,5,3,5,5,3,5,5,2,5,5,4,1,1,3,3,1,1,2,1,1,1,1,1,3,5,5,5,5,5,5
134,1,2,5,1,4,2,3,3,3,3,2,1,2,1,5,5,5,5,5,3,3,3,2,3,4,4,4,2,4,4,4,2,3,4,4,4,4,2,1,3,2,4,3,3,5,5,5,5,2,3
135,1,2,5,1,4,1,3,2,2,2,2,1,2,1,4,4,5,2,2,2,3,3,1,4,4,3,3,4,3,2,4,2,4,3,1,3,1,1,5,3,2,3,1,4,4,4,5,2,1,4
136,1,3,6,3,2,2,1,3,1,1,2,1,1,2,5,4,4,4,4,3,4,4,4,4,4,5,4,2,3,4,4,4,3,3,1,2,1,1,4,2,1,3,2,2,5,4,4,4,4,4
137,1,3,5,1,5,2,5,3,1,1,2,1,2,1,4,2,3,3,3,2,2,4,2,4,4,4,4,2,2,2,4,3,4,2,1,3,1,1,5,3,2,1,3,3,4,2,3,3,2,4
138,1,3,6,3,3,2,5,2,3,3,2,1,2,2,4,5,4,4,4,4,5,5,3,4,4,4,4,3,4,2,2,4,3,2,1,2,4,1,5,4,5,4,2,4,4,5,4,4,3,4
139,1,3,4,2,3,1,6,6,2,2,2,1,2,2,4,3,4,2,2,2,3,3,3,3,4,4,5,4,2,2,4,2,3,3,1,3,1,1,4,3,2,2,1,2,4,3,4,2,3,3
140,1,5,6,3,2,2,1,2,3,3,1,1,1,1,5,4,5,4,4,4,4,5,5,5,5,5,5,2,4,4,5,1,2,2,1,2,1,1,4,2,2,3,1,2,5,4,5,4,5,5
141,1,3,4,5,3,2,5,2,4,3,1,1,2,2,4,2,3,2,2,2,2,3,2,3,4,3,4,3,2,2,4,3,3,2,1,2,1,2,4,3,2,1,1,3,4,2,3,2,2,3
142,1,5,3,4,3,2,5,2,4,4,1,1,3,2,3,2,4,2,3,2,4,5,2,3,4,2,3,4,2,2,4,2,3,2,1,2,1,2,4,2,2,3,1,3,3,2,4,3,2,3
143,1,3,6,2,5,2,5,2,1,1,1,1,1,1,5,4,4,4,4,4,5,5,5,4,5,5,4,3,4,4,4,2,3,1,1,2,1,1,1,2,1,5,1,1,5,4,4,4,5,4
144,1,2,5,1,4,2,3,2,1,1,1,1,2,1,5,4,4,2,4,4,4,4,4,4,5,5,4,5,2,2,5,2,4,1,1,3,1,1,1,2,2,3,1,2,5,4,4,4,4,4
145,1,3,6,3,5,2,5,3,3,3,1,1,2,2,4,4,4,4,5,5,4,5,4,5,4,5,4,2,4,4,4,2,3,1,1,3,1,1,4,4,2,2,1,2,4,4,4,5,4,5
146,1,4,4,4,3,2,5,2,2,2,1,1,2,3,4,3,3,2,3,2,4,4,3,4,4,3,4,3,2,4,4,2,3,1,2,2,1,1,4,1,2,3,5,2,4,3,3,3,3,4
147,1,2,5,1,4,2,3,3,1,1,1,1,1,1,5,5,5,5,5,4,4,5,5,5,5,5,4,3,4,4,4,2,3,2,1,2,1,1,5,2,1,3,1,2,5,5,5,5,5,5
148,1,3,6,4,2,2,1,2,2,2,1,1,2,2,4,3,4,2,2,2,4,4,3,4,4,5,4,5,2,2,4,3,4,1,1,2,1,1,4,2,2,3,1,1,4,3,4,2,3,4
149,1,5,6,4,2,2,1,2,4,4,1,1,1,2,4,4,5,3,4,3,4,4,3,4,4,5,3,4,3,4,5,2,3,2,1,2,1,1,5,2,1,1,1,1,4,4,5,4,3,4
150,1,3,6,1,5,2,5,2,1,1,1,1,2,1,4,5,4,4,4,4,4,4,5,4,5,4,4,5,4,2,5,2,3,1,1,2,3,1,5,2,1,2,1,3,4,5,4,4,5,4
151,1,2,4,1,5,1,6,5,1,1,1,1,1,3,4,3,4,3,3,2,3,4,3,3,3,5,4,3,3,3,5,1,1,3,1,1,1,1,4,2,1,2,1,1,4,3,4,3,3,3
152,1,2,4,1,5,2,5,2,1,1,1,1,2,2,4,5,4,2,3,2,4,4,2,3,4,3,4,5,2,2,5,2,3,1,1,1,1,1,4,2,3,3,2,1,4,5,4,3,2,3
153,1,3,5,1,4,2,3,2,2,2,1,1,1,1,5,5,5,5,5,4,5,5,5,5,5,4,4,2,4,4,5,1,2,1,1,1,1,1,4,1,2,2,1,1,5,5,5,5,5,5
154,1,3,5,1,4,2,3,2,2,2,1,1,1,1,5,5,5,5,5,4,5,5,5,5,5,4,4,2,4,4,5,1,2,1,1,1,1,1,4,1,2,2,1,1,5,5,5,5,5,5
155,1,6,4,4,3,2,5,2,3,3,1,1,2,3,5,4,4,3,3,2,3,3,3,3,3,3,4,4,3,3,4,2,3,1,1,1,1,1,4,1,1,2,2,1,5,4,4,3,3,3
156,1,4,4,2,3,1,6,6,2,2,1,1,1,2,5,5,5,2,3,4,4,5,5,5,5,4,3,5,4,4,5,3,2,2,1,1,1,1,4,2,1,1,1,1,5,5,5,3,5,5
157,1,3,5,1,4,2,5,2,2,2,1,1,1,1,5,5,5,5,5,5,5,5,5,5,5,5,5,1,5,5,5,2,1,1,1,1,1,1,1,1,1,1,1,1,5,5,5,5,5,5
158,1,2,5,1,4,2,3,2,2,1,1,1,1,1,5,5,5,4,5,3,5,4,5,5,2,5,5,1,4,5,2,1,1,1,1,1,1,1,1,1,1,1,1,1,5,5,5,5,5,5
159,1,7,5,3,2,2,1,3,4,4,2,1,2,1,5,5,5,4,4,4,4,1,3,4,4,4,4,4,4,4,4,2,2,2,2,3,2,2,3,2,4,2,2,2,5,5,5,4,3,4
160,1,4,5,2,1,2,1,3,3,3,1,1,1,1,5,5,5,5,5,5,5,5,5,5,2,5,5,1,5,5,1,1,1,1,1,1,1,1,1,1,1,1,1,1,5,5,5,5,5,5
161,1,3,6,3,1,2,1,3,2,2,1,1,1,2,5,5,5,5,5,5,5,4,5,5,2,5,5,1,5,5,1,1,1,1,1,1,1,1,1,1,1,1,1,1,5,5,5,5,5,5
162,1,4,6,3,2,2,1,2,4,4,1,1,1,1,5,5,5,5,5,5,5,4,5,5,2,5,5,1,5,5,1,1,1,1,1,1,1,1,1,1,1,1,1,1,5,5,5,5,5,5
163,1,2,4,1,2,2,2,2,1,1,2,1,1,1,5,5,5,5,5,5,5,5,5,5,2,5,5,1,5,5,1,1,1,1,1,1,1,1,1,1,1,1,1,1,5,5,5,5,5,5
164,1,3,5,1,4,2,2,2,1,1,1,1,5,2,5,5,5,5,5,5,5,5,5,5,3,5,5,1,5,4,1,1,1,1,1,1,1,1,1,1,1,1,1,1,5,5,5,5,5,5
165,2,3,3,2,3,2,5,2,3,3,1,1,2,2,4,4,4,4,5,3,4,3,4,5,4,4,4,2,4,3,4,2,2,4,4,4,4,2,2,2,2,3,2,3,4,4,4,5,4,5
166,1,3,6,2,3,2,1,4,3,3,1,1,1,2,5,5,5,5,5,5,5,5,2,5,5,5,5,5,5,5,5,2,2,1,1,1,1,1,1,1,1,1,1,1,5,5,5,5,2,5
167,1,4,6,2,1,2,1,2,4,4,1,1,1,2,5,5,5,5,5,5,5,5,5,5,5,5,5,2,5,5,5,2,1,1,1,1,1,1,1,1,1,1,1,1,5,5,5,5,5,5
168,1,2,5,1,4,2,5,2,1,1,1,1,2,1,5,5,5,5,5,5,4,5,4,5,5,5,5,5,5,5,5,3,3,1,1,1,1,1,1,1,1,1,1,1,5,5,5,5,4,5
169,1,7,2,1,5,1,6,5,5,4,3,1,2,1,4,4,4,4,4,3,3,2,2,3,2,2,2,3,2,2,4,3,4,2,2,2,2,3,3,4,3,2,2,4,4,4,4,4,2,3
170,1,3,4,2,2,2,1,3,2,2,1,1,1,1,5,5,5,5,5,5,5,5,5,5,5,5,5,5,5,5,5,2,1,1,1,1,1,1,1,1,1,1,1,1,5,5,5,5,5,5
171,1,3,5,2,2,2,1,2,4,4,1,1,2,1,5,5,5,5,5,5,5,5,5,5,5,5,5,5,5,5,5,2,1,1,1,1,1,1,1,1,1,1,1,1,5,5,5,5,5,5
172,1,4,6,3,2,2,5,2,6,6,1,1,1,1,5,5,5,5,5,5,5,5,5,5,5,5,5,5,5,5,5,1,1,1,1,1,1,1,1,1,1,1,1,1,5,5,5,5,5,5
173,1,3,5,1,4,2,5,1,4,7,1,1,2,1,1,2,4,4,4,4,5,4,3,5,3,3,3,2,3,3,3,1,2,2,2,4,3,2,1,3,2,3,1,2,1,2,4,4,3,5
174,1,2,5,1,4,2,5,1,3,7,1,2,4,1,4,4,2,3,4,3,3,3,2,3,4,4,2,2,2,3,2,1,3,2,2,1,1,5,1,2,1,3,1,4,4,4,2,4,2,3
175,1,3,4,2,1,2,1,5,5,4,1,1,2,3,5,5,5,5,5,4,4,5,4,5,5,5,5,2,4,5,4,1,3,3,2,1,1,1,1,1,1,1,1,5,5,5,5,5,4,5
176,1,3,5,1,3,1,1,4,2,2,1,1,1,1,5,5,5,5,5,5,4,5,4,5,4,4,5,2,4,5,5,1,1,1,1,1,1,1,1,1,1,1,1,1,5,5,5,5,4,5
177,1,4,6,2,3,1,3,5,3,2,1,1,1,3,5,5,5,4,5,4,4,4,4,5,5,5,5,2,4,5,5,1,1,1,1,1,1,1,1,1,1,1,1,4,5,5,5,5,4,5
178,1,3,4,1,3,2,5,1,3,7,1,1,3,1,4,4,5,3,4,3,4,2,1,4,4,3,5,2,4,4,4,2,4,2,1,2,3,2,1,2,3,3,1,3,4,4,5,4,1,4
179,1,5,5,2,2,2,1,2,3,2,2,1,1,2,5,5,4,4,2,4,4,3,1,4,2,5,5,2,4,5,5,1,2,2,1,1,2,2,1,1,2,1,1,2,5,5,4,2,1,4
180,1,2,5,1,4,2,3,2,1,7,2,1,2,1,4,4,5,4,2,3,3,3,1,5,2,5,5,2,4,5,4,4,4,3,1,1,2,3,2,3,2,2,1,3,4,4,5,2,1,5
181,1,4,5,1,3,2,5,2,6,4,1,1,1,3,4,5,4,4,5,2,4,2,1,4,1,5,5,2,4,4,3,2,3,3,5,4,3,1,1,5,2,5,1,4,4,5,4,5,1,4
182,1,3,5,1,3,2,5,1,5,1,1,1,1,1,5,4,5,4,5,5,4,4,4,5,2,5,5,2,4,5,5,3,3,2,1,2,2,1,1,1,1,1,1,4,5,4,5,5,4,5
183,1,3,5,1,4,2,3,3,2,7,2,1,2,1,4,4,5,4,2,3,3,2,1,4,2,4,5,2,4,5,4,2,4,3,1,1,2,3,1,2,2,2,1,1,4,4,5,2,1,4
184,1,4,5,3,3,2,5,1,3,1,1,1,1,3,5,5,4,4,4,5,4,3,4,4,4,4,5,2,5,1,5,2,1,1,1,1,1,1,1,2,1,2,1,4,5,5,4,4,4,4
185,1,5,3,4,3,2,3,2,6,5,1,1,1,2,5,4,4,5,4,4,4,3,4,4,4,4,5,2,5,4,3,1,1,3,1,2,1,1,1,1,1,1,1,5,5,4,4,4,4,4
186,1,3,5,1,5,2,3,2,3,2,1,1,1,1,5,5,5,4,5,4,4,3,4,4,4,4,5,2,4,4,4,3,1,3,4,1,1,2,1,1,3,1,1,3,5,5,5,5,4,4
187,1,3,6,1,2,2,1,3,3,3,1,1,1,2,5,5,5,4,5,4,3,3,4,4,4,4,5,2,4,4,4,3,1,3,4,2,2,2,1,1,3,1,1,3,5,5,5,5,4,4
188,1,2,5,1,4,2,3,1,6,1,1,1,2,1,4,4,5,4,4,4,4,2,2,4,2,4,5,2,4,4,4,2,2,3,1,4,1,3,5,1,1,1,1,1,4,4,5,4,2,4
189,1,2,5,1,4,2,3,3,4,7,1,1,2,1,4,4,5,4,4,4,4,4,1,4,2,4,5,2,4,5,4,1,3,1,1,4,3,3,1,3,3,1,3,4,4,4,5,4,1,4
190,1,1,3,5,1,2,2,3,1,3,1,1,2,1,4,4,4,4,3,4,4,4,2,4,4,4,5,2,4,4,3,2,2,1,1,2,1,1,4,1,1,2,1,2,4,4,4,3,2,4
191,1,2,5,1,4,2,3,2,3,1,1,1,1,1,5,5,5,4,5,4,4,3,4,4,4,4,5,2,4,4,4,3,1,3,4,2,1,1,1,1,3,1,1,3,5,5,5,5,4,4
192,1,2,4,2,2,2,1,2,1,2,1,1,1,1,4,4,4,4,4,4,4,2,2,4,2,4,5,2,4,4,5,1,1,1,1,1,1,1,5,1,1,1,3,3,4,4,4,4,2,4
193,1,6,2,2,2,2,2,3,1,7,1,1,3,1,5,4,5,1,4,3,5,1,1,4,2,4,5,2,2,2,5,1,1,1,1,3,1,1,5,1,1,5,1,3,5,4,5,4,1,4
194,1,2,5,1,4,2,5,1,1,7,1,1,3,1,5,5,2,2,5,2,4,1,1,5,1,1,5,2,5,5,5,1,1,1,1,3,1,1,5,1,1,5,1,3,5,5,2,5,1,5
195,1,2,3,1,4,2,5,2,2,4,2,1,3,1,5,5,1,2,1,5,2,5,2,1,5,1,5,2,4,4,3,3,4,1,3,5,1,5,4,1,1,1,1,5,5,5,1,1,2,1
196,1,3,5,1,5,2,3,2,6,4,2,1,2,3,3,3,4,4,4,4,4,4,1,4,1,1,5,2,3,3,3,3,1,1,1,3,1,5,3,3,1,1,1,1,3,3,4,4,1,4
197,1,3,5,1,5,2,5,1,1,4,2,1,4,1,5,4,5,1,4,1,1,5,1,4,4,1,5,2,2,2,2,1,1,1,1,5,5,3,4,1,1,1,3,4,5,4,5,4,1,4
198,1,4,3,1,2,1,2,2,2,6,2,1,1,4,4,4,4,4,4,4,4,5,4,5,4,4,5,2,4,4,5,1,1,1,1,1,1,3,1,1,1,1,1,1,4,4,4,4,4,5
199,1,2,5,1,4,2,5,3,6,2,2,1,2,1,4,4,4,4,4,4,4,1,1,4,2,4,5,2,2,4,4,1,2,2,1,2,1,1,1,3,1,1,1,1,4,4,4,4,1,4
200,1,3,5,1,3,2,4,3,3,4,2,1,2,3,3,4,4,4,4,4,4,3,3,4,4,5,5,2,5,4,2,2,1,3,1,4,3,3,1,4,1,1,1,1,3,4,4,4,3,4
201,1,7,3,3,2,1,2,5,2,2,2,1,1,3,4,4,4,4,4,4,4,2,2,4,2,4,5,2,2,3,4,1,1,2,1,2,1,1,4,3,1,1,1,3,4,4,4,4,2,4
202,1,2,5,2,3,2,3,2,2,2,3,1,1,1,4,4,4,4,4,4,4,2,2,3,2,4,5,2,2,4,4,1,1,1,1,3,3,2,1,3,2,1,1,2,4,4,4,4,2,3
203,1,3,5,1,4,2,3,2,4,2,2,1,1,1,4,4,4,4,4,4,4,2,2,5,2,5,5,2,5,5,4,1,1,1,1,3,3,2,2,5,1,2,1,1,4,4,4,4,2,5
204,1,3,6,3,3,2,3,3,3,2,2,1,1,1,4,4,4,4,4,4,4,2,2,3,2,4,5,2,5,5,5,1,3,2,1,2,2,1,1,5,1,1,1,2,4,4,4,4,2,3
205,1,4,4,2,3,1,2,4,4,2,3,1,1,1,4,4,4,4,4,4,2,2,2,3,2,4,5,2,4,4,4,2,2,3,1,4,1,1,1,3,3,1,1,3,4,4,4,4,2,3
206,1,2,5,1,4,2,3,3,3,2,2,1,1,1,4,4,4,4,4,4,4,2,2,4,2,5,5,2,5,5,4,1,1,1,3,3,3,1,1,3,1,1,1,1,4,4,4,4,2,4
207,1,6,6,5,2,2,1,2,6,5,2,1,1,1,5,5,5,4,5,4,4,4,2,3,4,4,5,2,5,4,5,2,1,1,1,1,1,1,5,1,1,5,1,1,5,5,5,5,2,3
208,1,2,5,2,3,2,3,3,5,2,2,1,2,1,4,4,4,4,4,4,4,2,2,4,2,5,5,2,2,5,5,3,2,1,1,3,2,1,1,4,1,1,1,2,4,4,4,4,2,4
209,1,1,5,1,4,2,4,2,4,7,2,2,1,4,2,4,5,2,4,3,4,5,4,4,2,3,5,2,2,4,3,2,4,1,2,1,1,4,5,4,1,4,1,4,2,4,5,4,4,4
210,1,7,5,3,2,2,2,2,6,6,2,1,3,2,3,4,2,2,4,1,1,4,4,2,2,2,5,2,2,3,2,2,3,3,2,3,3,2,1,2,3,1,3,2,3,4,2,4,4,2
211,1,4,6,3,1,1,2,2,4,3,2,1,1,1,5,5,5,4,5,3,3,3,2,5,4,5,5,2,4,2,5,1,1,1,1,1,2,1,1,1,1,1,1,1,5,5,5,5,2,5
212,1,3,6,3,1,1,3,3,2,2,2,1,1,1,5,5,4,4,4,4,5,4,2,5,4,5,5,2,4,4,5,1,1,1,2,2,2,1,1,2,1,1,1,3,5,5,4,4,2,5
213,1,3,4,1,3,2,4,5,1,1,2,1,1,3,4,5,5,4,5,4,4,2,5,2,4,5,5,2,4,5,4,2,1,3,1,2,3,1,1,2,1,2,1,3,4,5,5,5,5,2
214,1,4,3,2,3,1,2,4,4,4,2,1,2,2,4,4,5,4,2,2,4,4,5,5,3,4,5,2,4,5,4,3,1,1,1,2,2,1,1,3,1,2,1,3,4,4,5,2,5,5
215,1,4,4,1,3,1,2,4,3,3,1,1,1,3,5,4,4,4,4,4,4,4,2,4,2,4,5,2,4,1,5,1,1,1,1,1,1,1,1,2,1,2,1,2,5,4,4,4,2,4
216,1,3,6,2,1,2,1,2,1,1,2,1,1,2,5,5,5,5,5,4,4,4,1,4,5,5,5,2,5,4,5,1,1,1,1,1,1,1,1,3,2,3,1,2,5,5,5,5,1,4
217,1,4,6,3,1,2,1,2,4,3,1,1,1,3,5,4,5,4,4,3,4,3,4,5,2,5,5,2,4,5,5,1,2,1,1,1,1,1,1,1,1,1,1,3,5,4,5,4,4,5
218,1,6,4,2,3,2,4,5,2,2,1,1,3,2,5,4,4,4,2,2,2,4,2,4,4,2,5,2,4,4,4,2,1,2,2,3,2,1,1,2,1,1,2,3,5,4,4,2,2,4
219,1,3,4,2,2,2,1,3,2,1,1,1,2,1,4,4,4,4,4,3,4,1,1,4,1,4,5,2,3,5,4,2,2,2,1,3,3,1,1,3,3,1,1,2,4,4,4,4,1,4
220,3,3,3,2,2,2,3,3,3,3,1,1,1,1,4,4,4,4,4,4,4,2,2,4,1,4,5,2,4,5,4,2,3,3,1,1,1,1,1,2,2,1,3,3,4,4,4,4,2,4
221,1,2,4,1,4,2,5,2,2,7,1,1,2,1,5,5,5,5,5,2,5,2,5,5,4,5,5,2,2,5,3,1,3,1,1,3,1,1,5,1,3,5,1,3,5,5,5,5,5,5
222,1,5,4,3,3,2,1,1,3,3,1,1,1,3,5,5,5,5,5,5,5,5,5,5,5,5,5,2,5,5,5,1,1,1,1,1,1,1,5,1,1,1,1,1,5,5,5,5,5,5
223,1,4,5,2,2,1,1,6,3,2,2,1,1,2,4,4,4,4,4,4,5,5,5,4,5,5,5,2,5,5,5,1,1,1,1,1,1,1,1,3,1,1,1,5,4,4,4,4,5,4
224,1,2,2,2,3,1,2,6,1,2,2,1,1,1,4,4,4,4,4,4,4,2,1,4,1,4,5,2,2,4,4,1,2,2,2,1,1,1,1,3,3,1,1,1,4,4,4,4,1,4
225,1,3,6,2,3,2,2,4,2,2,1,1,1,1,4,4,4,3,4,4,4,1,1,4,4,4,5,2,4,4,4,1,1,1,2,1,2,2,1,1,3,2,2,2,4,4,4,4,1,4
226,1,4,3,1,2,1,2,6,6,2,1,1,1,2,5,5,2,5,5,2,5,5,5,4,2,5,5,2,5,5,5,1,1,1,1,3,1,3,5,1,1,3,1,1,5,5,2,5,5,4
227,3,3,1,2,1,1,2,4,4,1,1,1,1,2,5,5,5,2,5,2,5,5,5,5,4,5,5,2,5,5,5,1,1,1,1,1,3,1,5,1,1,5,1,3,5,5,5,5,5,5
228,1,3,4,1,2,1,2,4,1,1,1,1,1,2,5,5,5,5,5,4,5,5,5,5,2,5,5,2,5,5,3,1,1,1,3,3,1,1,5,1,1,5,1,1,5,5,5,5,5,5
229,1,3,5,3,1,2,2,1,5,3,2,1,1,1,5,5,5,5,5,5,5,5,5,5,2,5,5,2,5,5,3,3,1,1,1,2,1,1,1,1,1,1,1,3,5,5,5,5,5,5
230,1,2,4,1,4,2,5,1,5,7,1,1,4,3,5,5,1,5,5,5,5,5,1,5,5,2,5,2,5,5,5,1,4,1,1,1,1,5,1,1,1,1,1,1,5,5,1,5,1,5
231,1,3,5,2,2,2,1,2,1,1,1,1,1,1,5,5,4,5,5,5,5,5,5,5,3,5,5,2,4,5,4,1,1,3,1,4,1,1,1,1,1,1,1,3,5,5,4,5,5,5
232,1,3,5,3,1,2,2,1,4,3,1,1,1,1,5,5,5,5,5,5,5,5,5,5,2,5,5,2,4,5,3,1,3,1,1,1,1,2,1,1,1,1,1,1,5,5,5,5,5,5
233,1,2,4,4,4,2,5,1,2,1,1,1,3,1,5,5,5,5,5,4,4,5,1,5,1,2,5,2,1,5,1,1,1,1,2,1,1,1,1,3,4,1,1,1,5,5,5,5,1,5
234,1,1,3,1,4,2,4,3,3,7,1,1,1,1,5,4,5,3,5,2,3,5,2,5,5,5,5,2,5,5,5,1,3,1,3,1,1,2,5,1,1,1,1,5,5,4,5,5,2,5
235,1,3,4,1,4,2,5,2,4,6,2,1,1,1,5,5,5,5,5,5,5,5,5,5,4,5,5,2,5,5,5,1,5,2,3,3,1,4,5,3,3,3,5,2,5,5,5,5,5,5
236,1,6,5,3,3,1,2,6,1,1,2,1,1,3,5,5,5,5,5,5,5,1,5,5,3,3,5,2,3,5,3,1,1,1,3,3,1,3,3,3,1,4,3,3,5,5,5,5,5,5
237,1,4,5,2,2,2,1,2,2,2,2,1,1,1,5,5,4,4,4,5,5,4,2,4,5,4,5,2,5,4,5,2,1,1,1,1,1,1,2,1,1,2,1,3,5,5,4,4,2,4
238,1,4,4,4,3,1,2,2,3,6,2,1,1,1,4,4,4,4,2,4,4,4,4,4,4,4,5,2,4,4,5,1,3,1,1,1,1,4,1,1,1,1,1,2,4,4,4,2,4,4
239,1,4,4,1,4,2,4,2,1,4,2,1,2,1,4,4,3,4,3,4,4,4,4,3,3,4,5,2,4,3,2,3,3,2,1,3,2,2,2,3,2,1,1,2,4,4,3,3,4,3
240,1,3,4,1,4,2,5,1,2,4,2,1,2,1,5,5,5,2,3,5,4,4,5,5,4,5,5,2,4,4,5,1,3,2,2,2,2,5,1,2,2,2,1,2,5,5,5,3,5,5
241,1,3,5,1,4,2,3,2,1,6,2,1,1,1,5,4,5,4,3,4,4,3,1,4,3,4,5,2,4,5,4,2,1,3,2,1,3,3,5,5,2,3,5,3,5,4,5,3,1,4
242,1,4,5,1,3,2,3,3,3,6,2,1,3,3,3,4,4,4,4,4,4,2,2,4,2,4,5,2,4,3,3,2,1,3,1,4,4,4,1,4,1,1,1,2,3,4,4,4,2,4
243,1,6,6,1,3,2,3,5,1,1,2,1,1,2,4,4,4,4,4,3,3,4,2,4,2,2,5,2,4,3,4,2,1,1,1,1,1,1,5,1,2,2,1,5,4,4,4,4,2,4
244,1,4,6,1,4,2,4,6,1,2,2,1,1,1,4,4,4,4,4,2,4,4,2,4,2,2,5,2,2,3,5,3,1,2,2,3,4,5,1,2,2,5,3,3,4,4,4,4,2,4
245,1,6,3,2,3,1,3,6,2,6,2,1,1,1,4,4,4,4,4,4,3,4,4,4,4,2,5,2,4,4,5,1,1,1,1,3,2,1,1,3,1,4,2,2,4,4,4,4,4,4
246,1,4,5,2,2,2,1,1,2,2,2,1,1,1,4,4,4,4,4,4,4,4,2,4,4,4,5,2,2,3,3,3,3,4,1,4,1,1,1,4,1,5,3,5,4,4,4,4,2,4
247,1,4,5,1,3,2,2,2,6,2,4,1,1,1,4,4,4,4,4,4,4,4,2,4,2,4,5,2,2,3,4,3,1,4,3,4,4,4,4,3,1,5,3,4,4,4,4,4,2,4
248,1,4,3,1,3,1,1,6,1,1,2,1,1,1,4,4,4,4,4,3,4,4,2,4,4,4,5,2,4,1,4,2,1,1,1,3,1,1,1,1,1,1,1,2,4,4,4,4,2,4
249,1,4,6,2,2,2,1,1,6,7,2,1,1,2,4,4,4,2,4,3,4,4,4,4,4,4,5,2,3,2,1,3,1,1,3,3,4,5,5,1,1,5,1,4,4,4,4,4,4,4
250,1,2,4,1,2,2,5,2,5,7,1,1,2,1,1,2,5,5,5,4,4,5,4,4,5,4,5,2,4,4,4,2,3,1,1,3,1,1,5,3,1,1,1,1,1,2,5,5,4,4
251,1,3,5,1,2,2,1,2,5,1,1,1,3,1,4,5,5,5,4,5,5,4,5,4,1,4,5,2,4,4,1,3,5,1,3,3,1,1,5,3,1,3,3,3,4,5,5,4,5,4
252,1,3,4,1,3,2,1,2,4,1,2,1,1,1,3,5,5,5,5,3,4,4,4,5,2,5,5,2,5,5,5,1,1,1,3,3,1,1,1,1,1,1,1,1,3,5,5,5,4,5
253,1,4,3,2,3,1,1,5,2,2,1,1,1,3,3,5,5,5,5,5,4,4,2,5,2,3,5,2,4,5,5,1,1,1,1,1,1,1,1,1,1,1,1,1,3,5,5,5,2,5
254,1,4,6,3,3,1,3,3,1,6,2,1,2,3,5,5,4,5,4,5,5,5,5,5,5,5,5,2,4,5,5,1,1,1,1,1,1,1,1,1,1,1,1,3,5,5,4,4,5,5
255,1,4,5,1,5,2,3,1,1,1,1,1,2,1,4,4,4,2,4,2,2,4,2,3,2,4,4,2,4,4,4,2,3,3,2,3,1,2,2,2,2,2,1,4,4,4,4,4,2,3
256,1,2,5,2,4,2,5,2,4,3,1,1,2,1,5,5,5,2,4,2,5,5,5,5,3,5,5,2,5,5,5,5,5,3,5,5,5,1,5,5,1,5,3,5,5,5,5,4,5,5
257,1,4,4,2,2,1,1,2,4,4,2,1,2,3,4,4,4,2,4,2,3,4,2,4,4,3,5,2,4,4,4,3,2,2,3,2,1,1,1,3,2,2,1,2,4,4,4,4,2,4
258,2,3,6,1,3,2,5,1,6,1,1,1,1,1,4,4,4,4,4,4,4,4,3,4,4,4,5,2,4,4,4,4,4,4,4,3,3,3,3,3,3,3,3,3,4,4,4,4,3,4
259,1,2,5,1,3,1,4,3,6,2,1,1,1,3,5,4,1,4,5,5,4,1,5,5,5,5,5,2,5,5,4,3,1,1,3,1,1,1,1,1,1,2,1,1,5,4,1,5,5,5
260,1,2,5,1,4,2,5,1,2,6,1,1,3,1,4,5,5,3,3,3,4,3,3,5,4,4,5,2,4,4,4,1,3,2,1,3,2,2,1,2,1,5,1,1,4,5,5,3,3,5
261,1,4,2,1,3,1,1,5,6,6,1,1,1,3,4,4,4,4,5,4,4,2,4,4,4,4,5,2,4,4,5,1,1,1,1,2,1,1,4,1,1,1,1,3,4,4,4,5,4,4
262,1,3,5,1,2,2,5,2,6,7,2,1,3,1,4,4,5,4,5,4,3,4,1,3,1,2,5,2,3,2,2,4,4,4,4,3,4,4,3,3,3,4,1,5,4,4,5,5,1,3
263,1,3,3,2,3,1,2,5,2,2,2,1,1,3,4,4,4,4,5,4,4,4,4,4,2,4,5,2,2,4,4,1,1,1,1,3,1,1,5,1,1,1,1,1,4,4,4,5,4,4
264,1,4,6,3,2,2,1,2,3,3,1,1,1,1,4,4,5,4,4,3,4,3,4,4,2,4,5,2,4,5,4,2,1,3,1,4,1,1,2,2,1,1,1,3,4,4,5,4,4,4
265,1,1,3,1,4,2,5,3,3,7,1,1,4,1,2,2,2,2,4,2,1,1,1,1,1,5,5,2,1,1,3,5,5,5,5,4,5,5,1,5,4,1,5,5,2,2,2,4,1,1
266,1,3,5,2,2,2,1,2,2,1,1,1,1,3,5,5,5,5,5,5,5,5,5,5,2,4,5,2,2,5,5,1,1,1,1,3,1,1,1,4,1,1,1,1,5,5,5,5,5,5
267,1,3,5,2,2,2,5,1,6,7,6,1,5,5,4,5,5,5,4,4,4,4,2,4,1,4,5,2,4,3,4,2,1,1,1,4,1,4,1,1,1,1,1,1,4,5,5,4,2,4
268,1,4,5,3,2,2,1,2,1,1,1,1,1,1,4,5,4,5,4,4,4,5,5,5,2,4,5,2,4,4,5,1,1,4,1,5,1,1,1,1,1,3,3,1,4,5,4,4,5,5
269,1,3,6,5,2,1,2,6,6,2,1,1,1,2,5,5,5,5,5,5,5,5,5,5,5,2,5,2,5,2,5,3,1,3,2,1,3,1,1,1,1,5,3,5,5,5,5,5,5,5
270,1,4,3,1,3,1,6,6,3,3,1,1,1,1,5,5,5,5,5,5,5,5,5,5,2,5,5,2,5,5,5,1,1,1,1,1,1,1,1,1,1,1,1,4,5,5,5,5,5,5
271,1,4,2,1,3,1,4,4,6,4,1,1,1,2,5,5,5,5,5,5,5,2,5,5,2,5,5,2,5,5,5,1,5,1,1,1,1,1,1,1,1,1,1,1,5,5,5,5,5,5
272,1,4,3,1,5,2,5,1,6,1,2,1,1,3,5,5,5,5,4,4,4,5,5,5,2,5,5,2,5,5,5,1,1,1,1,1,1,2,1,1,1,1,2,1,5,5,5,4,5,5
273,1,4,4,3,3,2,1,4,4,3,2,1,1,1,4,4,4,4,4,4,4,4,4,4,4,4,5,2,4,4,5,1,1,1,1,1,1,1,1,1,1,1,1,1,4,4,4,4,4,4
274,1,4,6,1,2,2,1,2,2,1,3,1,1,1,5,5,5,5,5,5,5,5,5,5,1,5,5,2,5,5,3,1,2,1,1,2,2,1,3,1,1,1,1,3,5,5,5,5,5,5
275,1,5,4,1,3,1,4,6,6,1,1,1,1,2,5,5,5,5,5,5,5,5,5,5,2,5,5,2,5,5,5,1,1,1,1,1,2,1,1,2,1,1,1,1,5,5,5,5,5,5
276,1,2,5,1,4,2,5,1,1,6,1,1,3,1,4,4,4,2,4,2,4,2,4,4,4,4,5,2,4,2,4,2,2,1,1,3,1,4,2,1,1,2,1,3,4,4,4,4,4,4
277,1,3,3,1,3,2,5,1,1,6,2,1,3,1,2,4,5,5,5,5,5,5,4,4,4,4,5,2,4,4,3,3,3,1,3,3,5,1,4,3,3,4,1,3,2,4,5,5,4,4
278,1,4,4,2,2,1,1,5,1,1,1,1,1,3,4,4,5,4,4,2,4,4,2,4,4,5,5,2,4,2,5,3,2,1,1,1,1,1,1,2,1,1,2,4,4,4,5,4,2,4
279,1,2,5,1,3,2,2,2,1,1,1,1,1,2,2,4,4,4,5,4,4,4,2,4,2,4,5,2,4,5,5,3,2,3,2,3,1,1,1,1,2,1,1,1,2,4,4,5,2,4
280,1,8,4,2,3,2,2,2,5,4,1,1,1,1,5,4,5,4,5,4,4,2,2,4,2,4,5,2,4,5,4,2,3,2,4,4,2,2,1,2,1,2,1,3,5,4,5,5,2,4
281,1,2,5,2,6,1,1,5,2,1,1,1,1,3,4,4,4,4,5,4,4,5,1,5,4,4,5,2,5,4,5,3,1,3,2,3,1,1,1,1,1,1,1,1,4,4,4,5,1,5
282,1,4,5,1,2,1,4,5,4,6,1,1,1,1,4,4,5,4,4,4,2,4,4,5,4,5,5,2,4,4,5,2,1,1,1,2,1,1,1,1,1,3,1,5,4,4,5,4,4,5
283,1,4,3,2,2,1,1,6,2,1,1,1,1,2,4,4,5,2,4,2,4,4,2,4,4,5,5,2,4,4,5,2,3,1,1,1,1,1,1,1,1,2,1,3,4,4,5,4,2,4
284,1,3,3,2,2,1,1,3,2,2,1,1,1,2,4,4,4,4,4,4,4,4,4,4,4,5,5,2,4,3,5,3,3,1,1,1,1,1,1,1,1,1,1,2,4,4,4,4,4,4
285,1,4,3,2,2,1,1,6,2,1,1,1,1,1,4,4,5,4,4,2,4,4,4,4,4,4,5,2,4,4,5,3,2,1,1,1,1,1,1,1,1,1,1,2,4,4,5,4,4,4
286,1,6,5,2,3,1,1,6,1,2,1,1,1,1,5,5,5,5,4,4,4,4,1,4,4,4,5,2,4,5,5,1,1,1,1,3,4,1,1,1,1,1,1,5,5,5,5,4,1,4
287,1,3,6,1,4,2,3,3,4,1,1,1,1,1,5,5,5,4,3,2,4,3,1,5,2,5,5,2,5,5,4,1,3,3,1,3,3,1,1,3,1,1,1,5,5,5,5,3,1,5
288,1,2,3,1,2,2,2,2,4,2,2,1,2,1,4,4,5,2,3,2,4,4,1,4,4,4,5,2,2,3,2,2,1,1,1,2,1,1,1,1,1,1,1,3,4,4,5,3,1,4
289,1,2,1,2,3,1,2,6,5,1,1,1,4,5,4,4,4,4,4,1,4,3,1,4,2,4,5,2,4,3,3,4,1,3,1,5,1,3,4,3,2,1,1,4,4,4,4,4,1,4
290,1,3,3,1,6,2,5,3,2,1,1,1,1,1,2,2,4,3,4,4,2,2,2,4,4,5,5,2,4,4,5,1,4,1,1,4,3,1,5,3,4,5,3,4,2,2,4,4,2,4
291,1,2,6,1,4,2,3,2,6,2,2,1,1,1,5,4,5,4,4,4,3,4,1,4,4,5,5,2,4,4,5,1,2,1,1,3,1,1,1,1,1,1,1,2,5,4,5,4,1,4
292,1,4,6,1,2,2,1,2,4,1,1,1,1,1,5,5,5,4,2,4,4,4,2,4,4,5,5,2,4,4,5,1,2,1,1,1,1,1,1,1,1,1,1,5,5,5,5,2,2,4
293,1,4,4,1,3,1,2,1,4,1,1,1,1,3,1,1,4,4,4,4,4,4,4,4,4,4,4,2,4,4,4,3,3,3,1,1,1,1,1,1,1,4,1,4,1,1,4,4,4,4
294,1,3,5,1,4,2,2,2,1,7,1,1,2,2,5,5,5,5,5,4,4,5,4,5,4,4,4,2,2,4,3,1,3,1,1,3,3,3,3,3,3,4,3,4,5,5,5,5,4,5
295,1,5,4,3,2,2,2,2,3,1,1,1,1,1,2,2,5,4,4,4,4,2,2,5,5,5,5,2,5,4,4,1,1,1,1,1,1,4,5,1,1,5,1,1,2,2,5,4,2,5
296,1,2,4,1,1,2,5,2,1,6,1,1,2,2,5,5,5,5,5,5,5,2,2,4,4,5,4,2,2,4,3,1,3,1,3,3,3,1,1,4,1,1,1,4,5,5,5,5,2,4
297,1,7,2,2,2,2,1,2,2,6,1,1,1,1,5,5,5,5,5,5,5,5,5,5,5,5,5,2,5,4,5,1,1,1,1,1,1,1,1,1,1,1,1,1,5,5,5,5,5,5
298,1,4,4,4,3,2,2,2,6,6,1,1,1,1,5,5,5,5,4,5,2,4,4,4,2,4,4,2,2,4,4,1,3,1,1,3,1,1,1,1,1,2,1,4,5,5,5,4,4,4
299,1,2,4,1,4,2,3,2,1,1,1,1,1,1,4,4,4,4,4,4,4,4,4,4,4,4,4,2,4,4,4,1,1,1,1,1,1,1,1,1,1,1,1,3,4,4,4,4,4,4
300,1,4,3,2,2,2,2,1,6,1,1,1,1,1,4,4,4,4,4,4,4,4,2,4,4,4,4,2,4,4,5,1,1,1,3,1,1,1,2,1,1,1,1,5,4,4,4,4,2,4
301,1,5,3,2,3,2,2,3,6,6,1,1,2,3,4,5,5,5,5,4,4,4,4,5,5,4,4,2,4,4,3,1,1,1,1,1,1,3,1,3,1,1,1,1,4,5,5,5,4,5
302,1,3,5,1,2,2,1,2,2,1,1,1,1,1,5,4,4,4,4,4,4,4,4,4,2,4,4,2,4,4,5,1,1,1,1,1,1,1,1,1,1,1,1,4,5,4,4,4,4,4
303,1,4,5,3,2,2,1,2,2,2,1,1,1,1,5,5,4,4,4,4,4,5,4,4,4,4,4,2,3,4,5,1,1,1,1,1,1,1,1,1,1,1,1,3,5,5,4,4,4,4
304,1,2,4,1,4,2,5,2,1,7,1,1,5,5,5,4,4,2,4,2,2,4,2,2,2,3,4,2,2,4,3,4,2,1,1,1,3,4,3,1,1,2,1,4,5,4,4,4,2,2
305,1,3,4,1,3,1,6,4,1,1,1,1,1,3,4,2,4,4,4,2,3,4,1,4,1,4,4,2,1,4,2,1,2,1,1,1,3,1,5,2,1,4,1,5,4,2,4,4,1,4
306,1,3,4,1,3,2,4,3,2,1,1,1,1,3,4,4,4,4,4,4,4,3,4,4,4,4,4,2,4,4,5,3,3,1,1,1,1,1,1,1,2,1,1,3,4,4,4,4,4,4
307,1,3,3,2,2,1,1,4,2,2,1,1,1,2,4,4,5,5,5,4,4,2,4,4,4,4,4,2,4,4,5,1,1,1,1,1,1,1,1,1,1,1,1,2,4,4,5,5,4,4
308,1,4,5,1,2,1,4,5,2,2,1,1,1,2,4,4,4,4,5,4,4,3,2,4,4,5,4,2,4,4,5,2,2,1,1,1,1,1,1,1,2,1,1,2,4,4,4,5,2,4
309,1,4,6,2,2,2,1,3,4,3,1,1,1,2,4,4,5,4,4,4,4,4,4,4,4,4,4,2,4,4,5,2,2,1,1,1,1,1,1,1,1,1,1,2,4,4,5,4,4,4
310,1,4,5,2,1,2,1,3,4,3,1,1,1,3,4,4,5,4,5,4,4,2,4,4,4,5,5,2,4,4,5,3,2,1,1,2,1,1,1,1,1,1,1,2,4,4,5,5,4,4
311,1,3,5,1,4,2,3,5,1,1,1,1,1,1,4,5,5,4,4,4,4,3,5,5,5,5,5,2,5,4,4,1,1,1,1,1,1,1,1,2,1,2,1,5,4,5,5,4,5,5
312,1,2,5,1,2,1,4,2,1,1,1,1,4,1,5,5,2,2,5,2,5,5,5,5,2,5,5,2,5,4,5,1,1,2,3,5,5,5,1,5,3,1,1,5,5,5,2,5,5,5
313,1,2,5,1,4,2,5,1,2,7,1,1,3,1,4,4,5,4,5,4,4,1,4,5,4,4,4,2,4,4,4,1,3,1,1,5,1,1,5,1,1,4,2,1,4,4,5,5,4,5
314,1,2,5,1,4,2,2,1,3,3,1,1,3,1,5,4,5,1,5,2,4,1,1,5,1,5,5,2,5,4,5,3,4,1,1,5,4,5,5,1,1,5,3,5,5,4,5,5,1,5
315,1,2,5,1,4,2,3,2,4,1,1,1,2,3,5,5,1,4,5,5,4,5,1,4,2,5,4,2,2,4,4,1,3,3,1,3,1,1,5,1,3,1,1,2,5,5,1,5,1,4
316,1,2,4,1,4,2,5,3,4,7,1,1,1,1,5,5,5,5,4,5,4,5,5,5,1,5,5,2,5,4,5,3,1,2,1,4,1,1,1,3,1,1,1,3,5,5,5,4,5,5
317,1,2,5,1,4,1,5,2,4,1,1,1,1,1,5,5,5,5,1,1,5,1,1,5,5,5,5,2,5,4,5,1,1,1,1,1,1,1,1,1,1,3,1,1,5,5,5,1,1,5
318,1,4,5,6,3,2,5,1,2,2,1,1,1,3,5,5,3,5,5,5,5,5,5,5,2,5,5,2,5,4,5,1,1,1,1,3,1,1,1,1,1,1,2,5,5,5,3,5,5,5
319,1,8,4,2,3,2,2,2,5,4,1,1,2,2,5,4,5,4,5,4,4,2,2,4,2,4,4,2,4,4,4,2,3,2,3,3,2,2,1,2,2,2,1,3,5,4,5,5,2,4
320,1,3,5,2,2,2,1,2,2,2,1,1,2,1,4,5,5,5,5,5,5,5,5,5,3,5,5,2,5,4,5,3,3,3,1,1,2,1,1,2,1,2,1,5,4,5,5,5,5,5
321,1,3,6,2,1,2,5,1,3,7,1,1,2,1,4,4,5,4,5,4,4,2,4,5,4,5,5,2,4,4,3,1,3,3,3,3,3,3,2,2,3,3,3,4,4,4,5,5,4,5
322,1,4,5,4,2,2,1,2,1,1,1,1,1,1,5,3,5,5,5,2,3,5,1,3,1,1,4,2,1,4,5,3,1,3,3,3,1,1,1,1,1,1,1,4,5,3,5,5,1,3
323,1,3,5,1,5,2,5,2,2,2,1,1,3,1,5,5,5,2,5,2,5,5,2,5,5,5,5,2,5,4,1,1,1,3,1,5,5,1,1,5,1,1,1,5,5,5,5,5,2,5
324,1,4,5,3,3,2,1,2,5,5,1,1,1,2,3,5,5,2,5,2,2,5,5,5,5,5,5,2,5,4,5,4,1,3,3,5,5,1,5,5,1,1,1,5,3,5,5,5,5,5
325,1,4,5,2,1,2,1,2,3,1,1,1,1,3,5,5,5,5,5,5,5,5,5,5,5,5,5,2,5,5,5,1,3,1,1,1,1,1,1,1,1,1,1,5,5,5,5,5,5,5
326,1,4,5,2,2,2,1,2,4,2,1,1,1,1,5,5,5,5,5,5,5,5,5,5,3,5,5,2,5,5,1,1,1,1,1,3,1,1,1,1,1,2,1,4,5,5,5,5,5,5
327,1,3,5,2,2,2,1,3,2,2,1,1,1,1,5,5,5,3,5,5,5,5,5,5,5,5,5,2,5,2,1,5,3,3,1,4,2,1,1,3,2,1,2,1,5,5,5,5,5,5
328,6,4,2,3,2,2,1,4,6,6,2,1,1,1,5,5,5,5,5,2,5,5,5,5,2,5,5,2,5,5,5,1,4,3,3,1,1,2,1,1,1,1,1,3,5,5,5,5,5,5
329,1,2,5,2,6,1,1,5,2,1,1,1,1,3,4,4,4,4,5,4,4,5,1,5,4,4,5,2,5,4,5,3,1,3,2,3,1,1,1,1,1,1,1,1,4,4,4,5,1,5
330,1,6,3,4,3,2,1,2,3,1,5,1,1,1,5,5,5,5,5,5,3,5,2,5,3,5,5,2,5,5,5,1,1,1,1,3,1,1,1,3,1,1,1,5,5,5,5,5,2,5
331,1,3,4,1,5,2,5,1,3,2,1,1,1,2,5,4,5,4,5,4,4,3,1,5,2,4,5,2,2,5,2,1,1,1,1,4,1,1,5,1,1,5,1,4,5,4,5,5,1,5
332,1,3,5,2,3,2,5,3,3,3,1,1,1,1,5,5,5,4,5,4,4,2,1,5,2,4,5,2,2,5,3,1,1,2,1,3,1,2,5,1,1,4,1,4,5,5,5,5,1,5
333,1,2,5,1,4,2,5,1,2,7,1,1,1,1,5,5,5,5,4,5,4,5,4,5,1,5,5,2,5,5,3,3,1,2,1,4,1,1,1,4,1,1,1,3,5,5,5,4,4,5
334,1,3,6,2,4,2,1,4,1,1,1,1,1,1,5,5,5,3,5,5,5,5,4,5,5,5,5,2,5,5,5,1,1,1,1,2,1,1,1,1,1,2,2,4,5,5,5,5,4,5
335,1,2,5,1,2,2,5,3,4,2,5,1,2,1,4,4,4,5,4,4,4,5,5,5,2,4,5,2,2,4,5,1,1,1,1,3,1,1,1,3,1,1,1,1,4,4,4,4,5,5
336,1,2,5,1,4,2,5,2,1,7,1,1,1,1,5,5,5,4,5,4,4,2,1,5,2,4,5,2,2,5,2,1,1,1,1,4,1,1,5,1,1,5,1,4,5,5,5,5,1,5
337,1,3,5,1,4,2,3,2,2,2,1,1,2,3,5,4,5,4,5,4,4,2,1,5,2,4,5,2,2,5,2,1,1,1,1,4,1,1,5,1,1,5,1,4,5,4,5,5,1,5
338,1,3,3,2,2,1,1,3,2,2,1,1,1,2,4,5,5,5,4,5,5,3,4,4,4,5,5,2,4,3,5,3,3,1,1,1,1,1,1,1,1,1,1,3,4,5,5,4,4,4
339,1,4,3,2,2,1,1,6,2,1,1,1,1,1,5,5,4,4,5,2,4,4,4,5,4,5,5,2,5,4,5,3,2,1,1,1,1,1,1,1,1,1,1,1,5,5,4,5,4,5
340,1,8,4,2,3,2,2,2,1,1,1,1,1,1,5,4,5,4,5,4,4,2,2,5,4,4,5,2,4,4,5,2,3,2,3,3,2,2,1,2,2,2,1,4,5,4,5,5,2,5
341,1,2,4,1,3,1,4,5,1,1,1,1,1,1,5,4,4,4,5,2,5,4,4,5,4,4,5,2,4,4,5,3,3,2,3,3,3,2,1,2,3,1,2,4,5,4,4,5,4,5
342,1,2,5,1,3,2,2,2,1,1,1,1,1,2,5,4,4,4,5,4,5,4,5,5,4,5,5,2,4,4,5,2,3,1,2,2,1,1,1,2,2,1,1,4,5,4,4,5,5,5
343,1,4,5,1,2,1,4,5,4,7,1,1,1,3,4,4,5,4,4,4,2,4,4,5,4,5,5,2,4,4,5,1,1,1,1,12,1,1,1,1,1,3,2,4,4,4,5,4,4,5
344,1,3,3,2,2,1,1,5,2,1,1,1,1,2,4,4,5,2,5,2,4,4,2,4,4,5,5,2,4,4,5,2,3,1,1,1,1,1,1,1,1,1,1,4,4,4,5,5,2,4
345,1,6,4,2,2,1,1,5,1,1,1,1,1,2,4,4,5,4,4,2,4,4,2,4,4,5,5,2,4,2,5,3,1,1,1,1,1,1,1,2,1,1,2,4,4,4,5,4,2,4
346,1,2,5,3,1,2,1,4,2,1,1,1,1,2,4,4,4,5,5,4,4,4,1,5,4,4,5,2,5,4,5,3,1,3,2,3,1,1,1,1,1,1,1,1,4,4,4,5,1,5
347,1,6,4,2,3,1,4,4,4,4,1,1,1,3,4,5,5,4,4,4,5,5,2,5,5,5,5,2,5,5,1,1,1,1,1,1,1,1,1,1,1,1,1,1,4,5,5,4,2,5
348,1,6,3,2,3,2,5,2,2,1,1,1,4,3,5,5,5,2,5,2,5,2,2,5,2,5,5,2,2,5,1,1,1,1,1,3,1,1,1,1,1,1,1,2,5,5,5,5,2,5
349,1,3,6,1,3,2,1,1,2,2,1,1,2,2,4,4,3,3,4,3,3,4,4,3,3,4,5,2,4,5,3,1,2,2,1,2,2,1,1,2,2,1,1,2,4,4,3,4,4,3
350,1,4,6,2,2,2,1,2,2,1,1,1,1,1,5,5,5,5,5,5,5,3,1,1,2,5,5,2,2,2,5,1,1,1,1,3,1,1,1,1,1,1,1,1,5,5,5,5,1,1
351,1,2,4,1,4,2,3,2,5,1,1,1,2,1,5,5,5,3,5,5,5,4,2,5,5,5,5,2,5,5,4,1,3,3,2,1,2,1,1,1,2,1,1,2,5,5,5,5,2,5
352,1,2,3,1,4,2,5,1,1,7,1,1,1,1,5,5,5,5,5,5,5,3,2,4,4,5,5,2,5,4,4,1,1,3,1,3,1,1,1,2,1,1,1,3,5,5,5,5,2,4
353,1,3,6,1,4,2,3,1,4,7,1,1,1,1,5,4,5,4,4,3,1,2,2,2,2,4,5,2,4,4,2,2,2,3,3,3,2,4,3,3,2,2,1,1,5,4,5,4,2,2
354,1,3,3,1,2,2,1,2,1,1,1,1,2,2,4,4,4,4,4,4,4,4,4,4,4,4,5,2,4,4,5,1,1,1,1,2,1,1,1,1,1,1,1,1,4,4,4,4,4,4
355,1,3,6,1,6,2,5,2,2,1,1,1,3,2,5,5,5,5,5,5,5,5,5,5,4,4,5,2,4,4,3,1,3,1,3,1,1,1,1,3,1,1,1,4,5,5,5,5,5,5
356,1,2,5,1,4,2,5,2,4,2,1,1,2,1,4,4,4,3,4,4,4,2,2,4,2,4,5,2,2,3,4,2,2,3,1,1,2,2,1,4,1,1,3,2,4,4,4,4,2,4
357,1,3,4,2,3,1,1,5,5,3,1,1,2,1,4,4,4,4,4,4,3,1,1,3,4,4,5,2,2,4,4,1,1,1,1,3,3,1,2,4,1,1,2,2,4,4,4,4,1,3
358,1,2,5,2,2,2,4,3,4,3,1,1,2,1,4,4,4,4,4,4,4,1,4,3,1,4,5,2,1,4,4,1,1,1,1,3,3,3,2,1,4,1,1,1,4,4,4,4,4,3
359,1,3,5,1,4,2,3,2,2,2,1,1,3,1,4,4,4,2,2,4,4,3,2,3,4,4,5,2,4,4,4,2,2,2,1,3,2,1,2,2,2,2,2,3,4,4,4,2,2,3
360,1,3,5,1,3,1,1,4,1,1,2,1,1,1,5,5,5,5,5,4,4,4,4,5,5,5,5,2,5,5,5,1,1,1,1,1,1,1,1,1,1,1,1,1,5,5,5,5,4,5
361,1,3,5,1,5,1,1,6,6,6,1,1,2,1,5,5,3,5,5,5,5,5,5,5,2,5,5,2,5,5,5,1,1,1,2,5,1,1,1,1,1,1,1,2,5,5,3,5,5,5
362,1,2,5,1,3,2,2,2,1,1,1,1,1,2,2,4,4,4,5,4,4,4,2,4,2,4,5,2,4,5,1,1,2,3,2,3,1,1,1,1,2,1,1,1,2,4,4,5,2,4
363,1,3,6,2,2,2,5,1,2,3,1,1,1,1,4,5,5,5,5,5,5,5,1,5,5,5,5,2,5,5,5,3,3,3,1,5,1,3,2,2,1,4,4,4,4,5,5,5,1,5
364,1,3,4,2,2,2,1,2,1,1,1,1,3,2,2,4,5,4,4,4,4,2,5,5,2,1,5,2,4,2,1,2,3,2,2,3,3,1,4,1,2,1,1,3,2,4,5,4,5,5
365,1,4,5,3,1,2,1,2,4,4,1,1,1,1,4,4,5,4,5,4,4,4,5,5,4,4,5,2,4,4,2,1,3,3,1,2,1,1,1,2,2,2,1,1,4,4,5,5,5,5
366,1,3,3,2,5,1,3,5,3,2,1,1,4,5,2,4,3,4,4,1,2,3,4,3,2,2,5,2,3,2,2,2,3,3,2,3,2,3,1,1,2,3,2,3,2,4,3,4,4,3
367,1,2,3,1,5,2,4,3,1,1,1,1,3,2,2,3,4,3,2,3,2,3,2,3,4,3,5,2,2,4,2,3,4,4,3,4,3,3,2,2,2,3,2,3,2,3,4,2,2,3
368,1,5,5,2,3,2,2,2,4,3,1,1,3,2,4,4,3,2,2,4,2,4,2,2,2,2,5,2,2,4,3,2,3,1,2,3,2,3,4,3,2,3,2,3,4,4,3,2,2,2
369,1,3,5,1,4,2,3,2,2,2,1,1,1,2,4,4,5,2,5,2,5,4,1,4,5,4,5,2,2,2,3,2,3,1,2,3,2,1,1,2,2,1,3,4,4,4,5,5,1,4
370,1,3,2,1,3,1,3,1,2,3,2,1,3,3,2,4,2,2,2,4,4,2,4,2,2,3,5,2,4,4,1,5,1,1,1,1,3,2,4,2,3,3,2,3,2,4,2,2,4,2
371,1,5,3,1,3,1,3,4,1,1,1,1,1,1,4,4,5,4,4,4,5,4,4,4,2,4,5,2,5,4,5,3,1,1,1,3,1,1,1,1,1,1,1,3,4,4,5,4,4,4
372,1,2,3,5,3,2,1,5,6,1,1,1,1,1,4,4,4,5,5,5,5,5,1,5,2,5,5,2,5,5,5,1,1,1,1,1,1,1,1,1,1,1,1,1,4,4,4,5,1,5
373,1,3,5,1,4,2,5,3,4,2,1,1,2,2,5,5,5,5,5,5,5,5,1,5,4,5,5,2,4,5,5,1,1,1,1,3,1,1,1,3,1,2,2,2,5,5,5,5,1,5
374,1,2,5,1,4,2,2,2,2,1,1,1,1,2,4,4,5,4,4,4,4,2,4,4,4,4,5,2,4,4,1,1,1,2,1,3,1,1,1,1,1,1,1,2,4,4,5,4,4,4
375,1,3,5,1,4,2,5,2,4,3,1,1,2,2,4,4,5,4,5,4,4,4,2,4,4,4,5,2,2,5,1,1,1,2,1,3,1,1,1,3,1,1,1,2,4,4,5,5,2,4
376,1,3,5,1,5,2,5,2,3,2,1,1,2,2,4,4,4,4,5,4,4,2,2,4,4,4,5,2,2,4,1,1,2,1,1,2,1,1,1,1,1,1,1,1,4,4,4,5,2,4
377,1,2,5,4,2,1,2,3,2,1,1,1,1,2,4,4,5,4,4,4,4,4,4,4,4,5,5,2,4,5,1,1,2,1,1,2,1,1,1,2,1,1,1,2,4,4,5,4,4,4
378,1,3,5,1,4,2,5,2,3,3,1,1,2,3,4,4,4,4,5,4,4,2,4,4,4,4,5,2,2,4,1,1,2,2,1,3,1,1,1,2,1,1,1,1,4,4,4,5,4,4
379,1,3,6,1,4,2,5,1,3,2,1,1,2,2,4,4,5,4,5,4,4,4,4,4,4,4,5,2,2,4,1,1,2,1,2,2,1,1,1,3,1,1,1,2,4,4,5,5,4,4
380,1,3,6,1,4,2,3,1,3,2,1,1,2,2,4,4,4,4,5,4,4,3,4,4,4,4,5,2,4,4,1,1,1,2,1,1,1,1,1,1,1,1,2,2,4,4,4,5,4,4
381,1,2,5,1,4,2,5,2,2,2,2,1,1,2,4,4,4,4,4,4,4,2,4,4,5,4,5,2,4,4,1,1,1,1,1,2,1,1,1,2,1,1,1,1,4,4,4,4,4,4
382,1,2,5,1,4,2,3,1,2,1,1,1,1,2,4,4,4,4,5,4,4,2,2,4,4,4,5,2,2,4,2,1,2,2,1,3,1,1,1,3,2,1,1,2,4,4,4,5,2,4
383,1,2,5,1,4,2,3,1,2,2,1,1,1,2,5,4,5,4,5,4,4,4,4,4,4,4,5,2,4,5,2,1,1,1,1,3,1,1,1,3,1,1,1,3,5,4,5,5,4,4
384,1,6,3,1,3,1,1,6,2,1,2,1,1,1,5,5,5,5,4,4,4,4,1,5,4,5,5,2,4,4,5,1,1,1,1,1,1,1,1,1,1,1,1,2,5,5,5,4,1,5
385,1,3,5,1,4,2,3,3,6,1,1,1,5,5,2,3,4,3,4,2,2,3,2,4,2,4,5,2,2,4,4,1,3,1,1,2,2,2,1,2,2,1,1,2,2,3,4,4,2,4
386,1,3,6,1,3,1,1,4,3,1,1,1,1,1,5,5,5,5,4,4,4,4,1,5,4,4,5,2,4,5,5,1,1,1,1,1,1,1,1,1,1,1,1,2,5,5,5,4,1,5
387,1,2,5,1,4,2,3,2,4,2,2,1,1,1,5,4,5,4,5,4,4,4,2,5,5,5,5,2,5,4,5,2,1,1,1,1,1,1,1,1,1,1,1,2,5,4,5,5,2,5
388,1,2,5,1,4,2,3,2,3,1,1,1,1,1,5,5,5,4,4,4,4,4,1,4,5,5,5,2,5,4,5,1,1,1,1,1,1,1,1,1,1,1,1,2,5,5,5,4,1,4
389,1,4,6,3,2,2,1,2,3,7,1,1,1,1,5,5,5,4,4,4,4,4,2,5,3,5,5,2,4,4,5,2,1,1,1,1,1,1,1,1,1,1,1,2,5,5,5,4,2,5
390,1,3,6,1,3,1,1,4,6,2,3,1,1,1,5,5,5,4,5,4,4,4,1,5,4,4,5,2,4,4,5,2,1,1,1,1,1,1,1,1,1,1,1,3,5,5,5,5,1,5
391,1,2,3,2,3,1,1,6,6,1,1,1,1,1,5,5,5,5,4,5,4,4,1,5,5,5,5,2,5,4,5,1,2,1,1,1,1,1,1,1,1,1,1,2,5,5,5,4,1,5
392,1,3,5,1,3,1,1,5,6,1,1,1,1,1,5,5,5,5,4,5,4,4,1,5,5,5,5,2,5,4,5,1,1,1,1,1,1,1,1,1,1,1,1,2,5,5,5,4,1,5
393,1,3,4,3,6,2,6,2,3,1,2,1,1,1,5,5,5,4,4,4,4,4,2,5,5,5,5,2,4,4,5,2,2,1,1,1,1,1,1,1,1,1,1,2,5,5,5,4,2,5
394,1,6,6,2,3,2,5,1,2,2,1,1,3,3,4,4,4,4,4,4,3,3,1,5,5,4,5,2,4,4,5,3,2,1,1,1,1,1,1,1,1,1,1,1,4,4,4,4,1,5
395,1,4,4,1,2,2,1,2,2,1,1,1,2,1,5,4,5,4,4,4,4,4,1,5,5,5,5,2,4,4,5,1,1,1,1,1,1,1,1,1,1,1,1,1,5,4,5,4,1,5
396,1,6,6,2,6,2,1,3,2,1,2,1,1,1,5,4,5,4,4,4,4,4,1,5,5,5,5,2,4,4,5,2,1,1,1,1,1,1,1,1,1,1,1,2,5,4,5,4,1,5
397,1,3,5,1,4,2,3,1,4,1,1,1,1,1,5,5,5,5,4,4,5,5,4,5,3,4,5,2,4,5,1,1,1,1,1,1,1,1,1,1,1,1,1,2,5,5,5,4,4,5
398,1,3,5,1,4,2,5,1,4,1,1,1,4,3,5,5,5,5,5,4,5,2,5,5,2,5,5,2,5,5,5,3,4,2,1,3,1,1,1,2,3,1,1,3,5,5,5,5,5,5
399,1,4,6,2,1,2,1,1,5,1,1,1,1,3,5,1,4,3,5,5,5,5,2,5,3,3,4,2,4,4,4,1,1,2,1,4,4,1,2,3,3,2,2,3,5,1,4,5,2,5
400,1,2,4,1,3,1,4,5,1,1,1,1,1,2,4,4,4,4,4,4,4,4,2,4,4,3,5,2,4,5,5,1,1,1,1,1,1,1,1,1,1,1,1,3,4,4,4,4,2,4
401,1,3,6,2,2,2,1,2,1,1,2,1,2,3,5,5,5,4,3,4,4,4,4,5,4,4,5,2,4,4,4,2,2,2,1,2,1,1,1,1,1,1,1,3,5,5,5,3,4,5
402,1,4,6,2,2,2,5,3,3,2,1,1,1,3,5,4,5,4,4,4,4,4,4,5,2,4,5,2,4,4,4,2,2,1,1,3,1,1,1,1,1,1,1,2,5,4,5,4,4,5
403,1,3,5,1,4,2,5,2,2,7,1,1,2,2,5,5,5,4,4,4,4,4,5,5,1,3,5,2,2,4,3,2,3,1,2,3,1,1,2,2,2,1,1,3,5,5,5,4,5,5
404,1,3,6,2,2,2,5,3,4,1,1,1,1,1,5,5,5,5,5,5,5,5,5,5,3,5,5,2,4,5,5,1,1,2,1,2,1,1,1,1,1,1,1,1,5,5,5,5,5,5
405,3,6,3,2,2,1,1,2,2,1,1,1,1,1,5,4,5,4,4,4,5,4,5,5,4,4,5,2,4,5,4,1,2,1,1,1,1,1,1,1,1,1,1,1,5,4,5,4,5,5
406,1,6,4,2,2,1,3,4,3,3,1,1,1,1,4,4,5,4,3,4,4,4,4,5,3,4,5,2,4,5,5,2,1,2,1,1,1,1,1,1,1,1,1,2,4,4,5,3,4,5
407,5,6,3,2,2,2,1,2,2,2,1,1,1,1,5,5,5,5,5,5,5,5,5,5,4,4,5,2,4,5,5,1,2,1,1,1,1,1,1,1,1,1,1,2,5,5,5,5,5,5
408,1,4,6,3,2,2,1,3,3,2,1,1,1,1,5,5,5,5,5,5,5,5,5,5,4,5,5,2,5,5,5,1,1,2,1,1,1,1,1,1,1,1,1,2,5,5,5,5,5,5
409,1,1,3,2,2,1,1,2,3,3,1,1,1,1,1,4,1,5,5,5,5,1,5,5,4,5,5,2,5,5,1,2,1,1,1,1,1,1,1,1,1,1,1,1,1,4,1,5,5,5
410,1,4,5,1,2,1,2,2,3,1,1,1,1,3,5,5,5,5,5,5,5,5,5,5,5,5,5,2,5,5,5,2,1,3,2,1,1,1,1,1,1,1,1,1,5,5,5,5,5,5
411,1,1,3,2,2,2,1,5,2,1,1,1,1,1,5,4,3,4,4,4,4,4,4,4,4,4,5,2,4,4,5,1,1,1,1,1,2,1,5,1,1,5,1,1,5,4,3,4,4,4
412,1,4,5,2,2,2,1,4,2,1,2,1,1,1,5,5,4,4,4,4,4,4,5,5,2,5,5,2,4,5,3,2,1,2,1,2,2,1,1,1,2,2,1,1,5,5,4,4,5,5
413,1,3,4,1,3,1,3,4,4,2,1,1,1,3,4,5,5,4,4,4,4,4,4,4,4,5,5,2,5,4,5,1,1,1,1,1,1,1,1,2,1,1,1,3,4,5,5,4,4,4
414,1,2,3,2,3,1,3,5,3,2,2,1,1,2,5,5,4,5,5,5,5,5,5,5,2,5,5,2,4,5,5,1,1,1,1,1,1,1,1,1,1,1,1,5,5,5,4,5,5,5
415,1,4,4,1,3,2,1,4,6,2,1,1,1,3,5,5,5,5,5,5,5,5,5,5,4,5,5,2,5,4,5,1,1,2,1,3,1,1,1,1,1,1,1,1,5,5,5,5,5,5
416,1,4,6,2,3,2,1,4,6,7,1,1,1,1,5,5,5,5,5,5,5,5,5,5,2,5,4,2,2,4,5,1,1,1,1,3,1,1,1,3,1,1,1,3,5,5,5,5,5,5
417,1,3,3,1,3,2,1,4,6,1,1,1,3,1,5,5,5,5,5,5,5,5,5,5,2,5,4,2,4,4,5,1,1,1,1,1,1,1,1,1,1,1,1,5,5,5,5,5,5,5
418,1,4,3,1,3,1,2,5,1,6,1,1,1,1,2,5,5,5,5,5,5,5,5,5,5,5,5,2,5,4,5,1,1,1,1,1,1,1,1,1,1,1,1,1,2,5,5,5,5,5
419,1,3,5,1,5,2,1,3,1,4,1,1,1,3,5,5,5,5,5,5,5,5,5,5,2,5,5,2,5,4,5,1,1,1,1,1,1,1,1,1,1,1,1,1,5,5,5,5,5,5
420,1,4,5,2,3,1,2,5,6,2,2,1,1,1,5,5,5,5,3,5,5,5,5,5,2,5,4,2,4,4,5,1,1,3,1,1,1,1,1,1,1,1,1,1,5,5,5,3,5,5
421,1,4,6,2,2,2,1,3,3,3,1,1,1,2,5,4,3,4,4,4,4,5,4,5,4,4,5,2,5,4,4,3,3,3,4,2,2,3,4,3,4,3,2,3,5,4,3,4,4,5
422,1,3,5,2,2,2,1,3,3,4,1,1,1,2,4,4,5,5,5,4,4,5,3,4,4,5,5,2,4,4,4,4,3,2,3,4,4,3,3,4,4,4,3,3,4,4,5,5,3,4
423,1,3,5,1,3,2,5,2,2,2,1,1,1,1,4,4,4,5,4,4,5,5,4,4,4,4,5,2,4,5,3,4,5,1,4,5,4,3,4,5,4,3,1,3,4,4,4,4,4,4
424,1,4,2,1,2,2,2,2,3,3,3,1,1,3,4,4,5,4,4,5,4,3,4,5,4,4,5,2,5,4,4,3,2,3,4,2,3,4,3,3,4,4,4,3,4,4,5,4,4,5
425,1,3,5,2,2,2,1,3,2,2,2,1,1,1,4,5,3,4,4,5,4,4,5,4,5,5,5,2,4,5,4,4,2,3,3,4,4,3,3,2,4,3,3,4,4,5,3,4,5,4
426,1,3,5,1,4,2,5,1,2,2,1,1,2,5,4,4,4,4,4,4,4,4,4,4,4,4,5,2,4,4,4,2,2,1,3,1,1,1,3,1,1,1,1,1,4,4,4,4,4,4
427,1,2,4,1,4,2,3,2,1,7,1,1,5,5,4,4,2,2,4,2,4,4,5,4,2,2,5,2,4,3,4,2,5,1,3,3,3,5,5,2,3,4,4,3,4,4,2,4,5,4
428,1,4,5,3,2,2,1,2,3,2,1,1,1,1,4,4,4,3,4,3,4,4,2,4,3,4,5,2,4,4,4,2,1,1,1,2,1,1,2,1,1,1,1,2,4,4,4,4,2,4
429,1,2,4,1,4,2,3,2,2,1,1,1,1,1,4,4,4,4,4,4,4,4,2,4,4,5,5,2,4,4,5,2,3,1,1,2,1,1,1,1,1,1,1,3,4,4,4,4,2,4
430,1,2,5,1,4,2,5,2,2,1,1,1,1,1,4,4,4,4,4,4,4,4,2,4,4,4,5,2,4,4,1,1,2,1,1,2,1,1,1,2,1,1,1,2,4,4,4,4,2,4
431,1,3,3,1,2,1,2,4,3,2,2,1,1,1,4,4,4,4,4,4,4,4,2,4,2,4,5,2,4,4,1,1,1,1,1,2,1,1,1,1,1,1,1,2,4,4,4,4,2,4
432,1,2,5,1,4,2,3,2,3,2,1,1,2,1,4,4,5,5,5,4,4,4,2,4,2,4,5,2,4,5,4,2,2,3,3,3,2,3,4,3,3,1,1,3,4,4,5,5,2,4
433,1,2,5,1,4,2,5,3,1,1,1,1,1,1,5,5,5,5,5,5,5,5,5,5,4,4,4,2,5,4,5,1,1,1,1,1,1,1,1,1,1,1,1,3,5,5,5,5,5,5
434,1,3,5,1,4,2,3,2,2,2,1,1,1,3,4,4,5,4,4,4,4,4,2,4,4,4,4,2,4,4,5,3,3,1,1,2,1,1,1,2,1,1,1,2,4,4,5,4,2,4
435,1,3,4,1,4,2,2,2,1,1,1,1,1,1,4,4,5,5,5,2,4,2,2,4,4,4,4,2,4,4,5,2,2,1,1,1,1,1,1,1,1,1,1,2,4,4,5,5,2,4
436,2,3,5,1,4,2,3,2,1,1,1,1,1,1,4,4,4,2,4,2,4,4,2,4,4,4,4,1,4,4,5,2,2,1,1,1,1,1,1,1,1,1,1,2,4,4,4,4,2,4
437,1,3,5,1,4,2,2,1,1,1,1,1,1,3,4,4,4,4,4,2,4,4,2,4,5,5,5,1,5,5,5,3,3,1,1,1,1,1,1,3,1,1,1,3,4,4,4,4,2,4
438,1,4,4,2,3,1,1,4,3,2,2,1,1,3,5,5,5,5,5,4,4,4,2,4,5,5,5,2,5,5,5,1,1,1,1,1,1,1,1,1,1,1,1,2,5,5,5,5,2,4
439,1,4,3,2,3,1,1,5,4,4,2,1,1,3,5,5,5,4,4,4,4,4,2,5,5,4,4,1,5,4,5,3,3,1,1,1,1,1,1,1,1,1,1,2,5,5,5,4,2,5
440,1,2,4,1,4,2,3,1,1,1,1,1,1,1,5,5,4,4,4,2,4,2,2,4,5,5,4,2,5,5,5,2,3,1,1,1,1,1,1,2,1,1,1,2,5,5,4,4,2,4
441,1,3,5,1,4,2,3,2,1,1,1,1,1,3,4,4,5,5,5,4,4,4,2,4,4,4,5,2,4,4,5,1,1,1,1,1,1,1,1,2,1,1,1,2,4,4,5,5,2,4
442,1,3,5,2,2,2,1,4,4,3,1,1,1,1,5,5,5,4,5,5,4,5,1,4,5,5,4,3,5,4,4,2,1,1,1,2,2,1,1,1,1,2,2,2,5,5,5,5,1,4
443,1,2,4,1,4,2,3,2,2,1,2,1,2,1,5,5,5,4,4,5,5,5,2,5,5,4,5,1,5,4,4,2,1,1,1,2,2,1,1,2,1,2,2,2,5,5,5,4,2,5
444,1,3,5,1,4,2,3,2,3,3,2,1,1,1,5,5,5,4,5,4,5,4,2,5,5,4,5,1,5,4,4,2,1,1,1,2,2,1,1,2,1,2,2,2,5,5,5,5,2,5
445,1,4,6,2,2,2,1,3,4,3,1,1,1,1,5,5,4,4,5,4,5,5,2,5,5,4,5,1,5,4,5,2,1,1,1,1,1,1,1,2,1,2,2,2,5,5,4,5,2,5
446,1,4,4,4,3,2,1,2,3,3,1,1,1,1,4,4,5,5,4,4,4,4,3,5,2,4,4,3,4,2,5,3,2,1,1,1,1,1,2,2,2,1,1,4,4,4,5,4,3,5
447,1,3,6,1,5,2,5,4,3,2,1,1,1,1,5,5,5,4,4,4,4,4,2,5,5,5,5,2,5,5,5,3,1,1,1,1,1,1,1,1,1,1,1,1,5,5,5,4,2,5
448,1,2,6,1,4,2,3,3,2,1,1,1,1,1,5,5,5,5,4,4,4,4,2,5,5,5,5,2,5,5,5,3,1,1,1,1,1,1,1,1,1,1,1,2,5,5,5,4,2,5
449,1,2,5,1,4,2,4,4,1,1,1,1,2,1,5,4,5,4,4,4,4,4,2,4,5,5,4,2,5,4,5,1,1,1,1,1,1,1,1,1,1,1,1,2,5,4,5,4,2,4
450,1,2,5,1,4,2,3,1,2,1,1,1,1,1,5,5,5,5,5,5,5,5,2,5,5,5,5,2,5,4,5,1,1,1,1,1,1,1,1,1,1,1,1,1,5,5,5,5,2,5
451,1,2,5,1,4,2,3,2,2,2,1,1,1,1,5,5,4,4,4,4,4,4,2,5,5,5,5,2,5,5,5,3,1,1,1,1,1,1,1,1,1,1,1,2,5,5,4,4,2,5
452,1,2,5,1,4,2,3,3,2,1,2,1,2,1,5,4,5,4,4,4,4,4,2,4,5,5,4,2,5,5,5,2,1,1,1,1,1,1,1,1,1,1,1,2,5,4,5,4,2,4
453,1,3,6,1,3,2,2,5,3,2,1,1,2,1,5,5,5,5,4,4,4,4,2,5,5,5,4,2,5,5,5,3,1,1,1,1,1,1,1,1,1,1,1,1,5,5,5,4,2,5
454,1,3,5,1,4,2,3,2,2,1,1,1,1,1,5,5,5,5,4,4,4,4,2,5,5,5,5,2,5,5,5,3,1,1,1,1,1,1,1,1,1,1,1,3,5,5,5,4,2,5
455,1,3,5,1,4,2,3,4,2,1,1,1,1,1,5,5,5,5,5,5,5,5,5,2,5,5,5,2,5,5,5,2,1,1,1,1,1,1,1,1,1,1,1,2,5,5,5,5,5,2
456,1,3,5,1,4,2,3,3,2,1,1,1,1,2,5,5,5,5,4,4,4,4,2,5,5,5,5,2,5,5,5,3,1,1,1,1,1,1,1,1,1,1,1,1,5,5,5,4,2,5
457,1,2,5,1,4,2,5,2,3,2,1,1,2,2,4,4,4,4,4,4,4,4,4,4,4,4,4,2,4,4,5,2,1,2,1,2,1,1,1,1,2,1,1,2,4,4,4,4,4,4
458,1,2,3,1,4,2,3,2,2,2,2,1,2,1,4,4,5,4,5,4,4,2,4,4,2,4,4,2,4,4,5,2,2,2,1,2,2,1,1,2,2,1,1,2,4,4,5,5,4,4
459,1,3,6,1,5,2,3,2,2,2,2,1,2,2,4,4,4,4,4,4,4,4,4,4,4,4,4,2,4,4,5,2,2,2,1,2,2,1,1,1,1,1,1,2,4,4,4,4,4,4
460,1,5,5,3,1,2,1,2,2,2,2,1,1,3,3,4,4,4,4,4,4,4,2,5,2,4,4,2,3,4,4,1,1,1,1,2,1,1,2,2,1,1,2,2,3,4,4,4,2,5
461,1,3,3,2,2,1,4,6,2,2,2,1,1,3,4,4,4,4,4,4,4,4,2,4,2,4,4,2,4,4,4,1,1,1,1,1,1,1,1,1,1,1,1,2,4,4,4,4,2,4
462,1,3,5,1,4,2,3,2,2,1,2,1,1,1,4,4,4,4,4,4,4,4,2,4,4,4,4,1,4,4,5,3,2,1,1,1,1,1,1,1,1,1,1,2,4,4,4,4,2,4
463,1,2,4,1,4,2,3,2,1,1,1,1,1,1,5,5,5,5,4,4,4,4,2,4,4,5,4,1,4,4,5,1,1,1,1,1,1,1,2,1,1,1,1,2,5,5,5,4,2,4
464,1,3,5,1,4,2,2,2,1,1,2,1,1,1,4,4,4,4,4,4,4,4,2,4,5,5,4,2,5,4,5,1,3,1,1,2,1,1,1,1,1,1,1,1,4,4,4,4,2,4
465,1,2,4,1,4,2,3,2,2,1,1,1,1,3,4,4,5,4,4,2,5,5,2,4,4,5,4,2,4,5,5,2,3,1,1,2,1,1,1,1,1,1,1,2,4,4,5,4,2,4
466,1,2,5,1,4,2,3,2,1,1,2,1,1,3,4,4,4,4,4,4,4,2,2,4,4,4,4,2,4,4,5,2,2,1,1,1,1,1,1,3,1,1,1,3,4,4,4,4,2,4
467,1,2,4,1,4,2,3,2,1,1,1,1,1,3,4,4,4,4,4,4,4,4,2,4,4,4,4,1,4,4,5,1,1,1,1,1,3,1,1,3,1,1,1,1,4,4,4,4,2,4
468,1,2,3,1,4,2,3,3,2,2,1,1,1,1,4,4,5,4,5,4,4,2,4,4,4,5,4,1,4,4,5,2,1,2,1,3,1,1,1,2,1,1,1,2,4,4,5,5,4,4
469,1,2,4,1,4,2,3,2,1,1,1,1,3,3,4,4,4,4,4,2,4,2,2,4,4,4,4,2,4,4,5,3,3,1,1,1,1,1,1,1,1,1,1,3,4,4,4,4,2,4
470,1,3,4,1,2,2,5,2,2,2,1,1,2,2,4,4,5,4,5,4,4,5,4,4,4,4,5,2,4,5,5,3,2,2,1,2,1,1,1,1,1,1,1,2,4,4,5,5,4,4
471,1,5,5,2,3,2,2,2,4,4,2,1,1,2,4,5,5,5,5,4,4,4,4,4,4,4,4,2,4,4,5,3,3,3,1,2,1,1,1,1,1,1,1,2,4,5,5,5,4,4
472,1,5,6,2,2,2,1,2,4,4,3,1,1,2,5,5,5,4,5,4,4,4,4,4,2,4,4,2,4,4,5,2,1,2,1,3,1,1,1,2,1,1,1,3,5,5,5,5,4,4
473,1,4,3,1,3,1,4,3,3,3,2,1,1,2,4,4,5,4,4,4,4,4,4,4,4,4,4,2,4,4,5,1,1,2,1,2,1,1,1,2,1,1,2,1,4,4,5,4,4,4
474,1,3,3,1,3,1,4,3,4,3,2,1,1,2,4,4,5,4,5,4,4,5,4,4,4,4,4,2,4,4,5,1,1,1,1,2,1,1,1,1,1,1,1,2,4,4,5,5,4,4
475,1,3,3,1,2,2,1,2,3,3,1,1,1,1,5,4,5,4,5,5,4,4,4,4,2,4,4,2,4,4,5,2,2,2,1,2,1,1,1,1,1,1,1,2,5,4,5,5,4,4
476,1,7,5,4,3,2,5,3,6,3,3,1,2,1,4,4,4,4,4,4,3,2,2,4,2,4,4,1,2,4,4,1,1,1,1,1,1,1,3,2,2,1,1,3,4,4,4,4,2,4
477,1,3,3,2,3,2,5,3,4,3,3,1,2,3,4,4,4,4,4,4,4,2,2,4,2,4,4,1,2,4,4,2,1,1,1,1,1,1,1,2,1,1,1,2,4,4,4,4,2,4
478,1,6,4,2,2,2,1,4,3,2,4,1,2,1,4,4,4,4,4,4,4,2,2,4,2,4,4,1,2,4,3,1,1,1,1,1,1,1,1,1,1,1,1,3,4,4,4,4,2,4
479,1,3,4,2,3,1,4,5,6,2,2,1,1,1,4,4,4,4,4,4,3,2,2,3,1,4,4,4,4,4,4,3,3,1,1,1,3,1,1,4,1,1,1,1,4,4,4,4,2,3
480,1,4,5,3,2,2,1,3,6,4,2,1,2,1,4,4,4,4,4,4,4,4,2,2,2,4,3,1,2,4,4,1,1,1,1,1,3,3,2,4,1,1,1,2,4,4,4,4,2,2
481,1,4,3,3,2,1,4,6,5,5,1,1,1,1,4,4,4,4,4,4,4,4,2,4,2,4,4,2,4,4,5,1,1,1,1,1,1,1,1,3,1,1,1,3,4,4,4,4,2,4
482,1,6,5,3,2,2,1,3,4,4,2,1,1,3,4,4,4,4,4,4,4,4,2,4,2,4,4,2,4,4,4,1,1,1,1,1,1,1,1,2,1,1,1,2,4,4,4,4,2,4
483,1,4,4,2,3,2,4,3,3,2,3,1,1,2,4,3,4,3,4,3,4,4,2,4,3,4,4,2,4,3,1,3,2,1,1,1,1,1,1,2,1,1,1,2,4,3,4,4,2,4
484,1,3,3,3,3,2,5,2,4,1,1,1,1,1,5,4,4,4,4,4,4,4,4,5,5,5,4,2,4,4,5,1,1,1,1,1,1,1,1,1,1,1,1,3,5,4,4,4,4,5
485,1,3,3,1,2,1,1,6,1,1,2,1,1,1,5,5,5,5,5,5,4,4,2,5,4,5,4,2,4,4,5,2,1,1,1,1,1,1,1,1,1,1,1,2,5,5,5,5,2,5
486,1,3,4,1,4,2,3,2,4,2,1,1,1,1,2,4,5,4,4,4,5,2,5,2,5,5,3,5,5,4,3,1,1,1,1,1,1,1,1,1,1,1,1,1,2,4,5,4,5,2
487,1,3,5,3,2,2,1,2,3,1,1,1,1,1,4,4,5,5,4,4,4,2,2,5,5,5,4,2,5,4,5,2,1,1,1,1,1,1,1,1,1,1,1,2,4,4,5,4,2,5
488,1,3,4,1,3,2,5,1,3,2,1,1,2,2,5,5,5,4,5,4,4,4,4,4,4,4,4,1,4,4,5,3,2,2,1,2,1,1,1,1,1,1,2,3,5,5,5,5,4,4
489,1,3,5,1,5,2,3,2,2,2,2,1,2,2,5,5,5,4,5,4,4,4,4,5,4,4,4,2,4,4,5,2,1,1,1,2,1,1,1,2,2,1,1,2,5,5,5,5,4,5
490,1,4,4,2,2,2,1,2,3,3,1,1,1,2,5,5,5,4,5,4,4,3,2,4,4,5,4,2,4,4,5,1,2,1,1,2,1,1,1,2,2,1,2,2,5,5,5,5,2,4
491,1,4,5,2,2,2,1,2,1,1,1,1,1,1,4,4,4,4,4,2,4,4,2,4,4,4,4,2,4,4,2,1,1,2,1,2,1,1,5,1,1,1,1,2,4,4,4,4,2,4
492,1,2,5,1,4,2,3,1,4,7,1,1,1,3,5,5,4,5,4,5,4,5,5,5,2,5,5,4,5,5,1,1,1,1,1,1,3,1,5,2,1,1,1,2,5,5,4,4,5,5
493,1,8,3,2,2,1,4,5,1,1,1,1,1,2,5,5,5,5,5,5,5,5,5,5,4,5,5,4,5,5,5,1,1,1,1,3,3,1,1,1,1,2,1,3,5,5,5,5,5,5
494,1,3,2,1,2,2,4,3,1,6,1,1,1,1,5,5,5,5,5,5,4,5,5,5,5,4,5,1,4,5,5,1,2,1,1,2,1,1,1,2,2,1,2,2,5,5,5,5,5,5
495,1,3,5,2,3,2,1,4,4,2,4,1,1,1,5,5,5,5,5,2,5,5,5,5,5,5,5,5,5,5,1,1,1,1,1,1,1,1,1,1,1,1,1,2,5,5,5,5,5,5
496,1,5,6,2,2,2,1,3,6,6,2,1,1,3,5,5,5,4,5,4,4,5,5,5,5,5,5,1,4,5,5,1,1,1,1,3,1,1,1,1,2,1,1,2,5,5,5,5,5,5
497,1,3,5,2,2,2,1,2,3,3,2,1,1,1,5,5,5,4,5,5,4,5,5,5,5,4,5,4,4,5,5,5,2,1,1,2,3,1,1,2,2,1,1,2,5,5,5,5,5,5
498,1,3,4,1,4,2,5,1,2,7,1,1,1,1,2,2,5,5,5,4,2,4,5,5,1,4,4,4,4,2,4,1,1,1,2,1,4,3,5,1,1,1,1,5,2,2,5,5,5,5
499,1,5,1,5,3,2,5,1,1,1,1,1,1,1,4,4,4,5,5,4,4,3,3,5,4,4,4,1,4,4,5,3,1,1,1,1,1,1,1,1,1,1,1,5,4,4,4,5,3,5
500,1,4,5,3,3,2,4,2,6,7,2,1,1,3,4,4,4,5,5,4,5,4,4,5,2,4,5,4,4,4,5,3,1,1,1,3,3,1,1,1,1,1,1,1,4,4,4,5,4,5
501,1,4,3,1,3,1,4,6,2,1,2,1,1,3,4,4,4,4,4,5,5,4,3,4,4,4,5,2,4,4,5,3,1,1,1,1,1,1,1,1,1,1,1,1,4,4,4,4,3,4
502,1,3,3,2,2,2,5,1,1,7,1,1,1,2,4,4,4,4,4,4,4,4,4,4,2,4,4,2,2,4,4,1,1,1,1,3,3,1,4,1,3,1,2,1,4,4,4,4,4,4
503,1,7,3,1,2,1,1,2,1,1,1,1,2,3,5,4,5,4,5,4,4,4,4,4,4,4,4,1,4,5,5,2,2,1,1,2,2,1,1,2,2,1,2,2,5,4,5,5,4,4
504,1,3,4,1,2,1,1,2,1,1,1,1,3,1,4,4,5,4,5,4,4,4,4,5,4,4,4,1,4,5,5,3,2,1,1,2,3,1,1,2,2,1,1,3,4,4,5,5,4,5
505,1,5,6,3,2,1,1,3,2,2,2,1,1,1,5,5,5,4,5,4,4,4,4,5,4,4,5,1,4,4,5,2,1,1,1,2,1,1,1,2,2,1,1,2,5,5,5,5,4,5
506,1,3,5,2,2,1,1,3,2,1,1,1,1,1,5,5,5,5,5,5,4,4,4,4,2,5,5,5,4,5,5,1,2,2,1,3,1,1,1,1,2,1,1,1,5,5,5,5,4,4
507,1,3,5,2,2,1,1,2,2,1,1,1,1,1,5,5,4,4,4,4,5,4,4,4,4,4,4,2,4,4,5,1,1,1,1,1,1,1,1,1,1,1,1,1,5,5,4,4,4,4
508,1,5,5,1,6,2,1,4,1,1,1,1,1,3,5,5,5,5,5,5,5,5,5,5,4,4,4,2,4,4,5,1,1,1,1,1,1,1,1,1,1,1,1,2,5,5,5,5,5,5
509,1,3,5,2,2,2,2,2,2,1,2,1,2,1,4,4,4,4,4,4,4,4,2,4,4,5,5,2,5,5,5,1,1,1,1,1,1,1,1,1,1,1,1,2,4,4,4,4,2,4
510,1,4,4,4,3,2,1,4,5,5,4,1,1,1,5,5,5,4,4,4,4,5,5,5,2,5,4,4,5,5,5,1,1,1,1,1,1,1,1,1,1,1,1,3,5,5,5,4,5,5
511,1,4,5,3,3,2,1,5,6,6,1,1,1,1,5,5,5,5,5,5,5,5,5,5,2,4,4,4,4,4,5,1,1,1,1,5,1,1,1,1,3,1,1,1,5,5,5,5,5,5
512,1,4,3,2,2,1,4,3,2,2,2,1,3,2,4,3,2,3,2,3,4,3,2,2,2,4,2,2,2,3,3,2,3,3,2,3,2,3,4,3,2,3,2,3,4,3,2,2,2,2
513,1,3,4,2,2,2,1,2,2,2,3,1,3,2,2,3,3,2,3,3,2,2,2,2,2,2,4,4,4,2,2,3,3,2,3,3,2,2,3,3,4,3,2,3,2,3,3,3,2,2
514,1,4,2,2,2,2,1,3,3,3,3,1,3,3,2,4,3,2,3,2,3,2,2,2,2,4,2,2,4,2,3,2,2,2,3,2,2,3,2,2,2,3,3,2,2,4,3,3,2,2
515,1,3,3,2,3,1,4,3,2,2,2,1,3,2,5,5,5,4,4,4,5,4,5,4,5,4,4,2,5,4,3,2,3,2,3,3,2,2,3,3,3,2,2,2,5,5,5,4,5,4
516,1,2,3,2,2,2,1,2,2,2,2,1,3,2,4,4,2,2,4,3,2,3,2,2,3,4,2,2,2,3,3,2,3,2,3,4,3,2,2,3,2,2,3,4,4,4,2,4,2,2
517,1,3,3,3,3,1,4,3,2,3,3,1,2,2,2,2,4,2,3,2,2,2,3,3,2,4,3,2,2,4,3,3,2,3,2,2,1,2,3,2,3,4,2,3,2,2,4,3,3,3
518,1,4,5,2,4,2,1,2,4,4,1,1,1,1,4,4,4,4,5,5,5,4,4,4,5,4,4,3,4,3,5,4,3,2,1,1,1,1,2,1,1,1,1,4,4,4,4,5,4,4
519,1,3,5,1,4,2,3,3,4,3,1,1,1,1,5,5,4,4,4,3,3,4,3,4,5,4,4,3,4,2,5,3,2,1,1,1,1,1,1,2,1,2,1,4,5,5,4,4,3,4
520,1,3,5,1,4,2,5,2,2,1,1,1,1,1,4,4,4,5,5,4,4,3,3,4,3,4,5,3,4,5,5,3,2,1,1,2,2,1,1,1,1,1,1,4,4,4,4,5,3,4
521,1,7,3,2,2,1,2,2,4,4,2,1,1,1,4,4,5,4,5,4,4,5,4,5,4,4,4,1,4,4,5,2,2,1,1,1,1,1,1,1,1,1,1,1,4,4,5,5,4,5
522,1,6,4,3,3,1,2,3,3,3,2,1,1,2,4,4,5,4,5,4,4,4,4,5,4,4,4,1,4,4,5,2,2,1,1,1,1,1,1,2,1,1,1,1,4,4,5,5,4,5
523,1,3,5,1,4,1,3,2,1,1,1,1,1,1,4,4,4,5,5,4,4,4,4,4,4,4,4,1,4,4,5,2,2,1,1,2,1,1,1,1,1,1,1,1,4,4,4,5,4,4
524,1,4,5,1,4,1,3,3,2,1,1,1,1,1,4,4,4,3,4,3,3,3,4,4,4,2,4,2,4,4,5,1,1,2,1,3,3,3,1,3,1,1,1,1,4,4,4,4,4,4
525,1,7,3,3,2,1,1,4,3,3,2,1,1,1,4,4,5,4,5,4,4,4,4,5,4,4,4,3,4,4,5,1,1,1,1,1,1,1,1,1,1,1,1,2,4,4,5,5,4,5
526,1,3,6,2,2,1,4,3,2,2,2,1,1,1,4,4,4,4,4,4,4,4,4,4,4,4,5,4,4,5,5,3,2,1,1,2,2,1,1,1,2,1,1,2,4,4,4,4,4,4
527,1,3,5,1,4,1,4,2,1,1,1,1,1,1,4,4,4,4,5,4,4,4,4,4,4,4,4,3,4,4,5,2,2,1,1,2,2,1,1,1,2,1,1,1,4,4,4,5,4,4
528,1,3,5,2,4,2,3,2,1,1,1,1,1,1,5,5,5,4,5,4,4,4,4,4,4,4,4,1,4,4,5,1,1,1,1,1,1,1,1,1,1,1,1,1,5,5,5,5,4,4
529,1,2,4,1,4,2,3,2,1,1,2,1,1,2,4,4,5,4,5,4,4,4,4,4,4,4,4,2,4,4,5,2,2,1,1,3,1,1,1,1,2,1,2,1,4,4,5,5,4,4
530,1,5,4,2,2,2,1,3,1,1,1,1,2,1,4,4,4,4,5,4,4,4,4,4,4,4,4,2,4,4,5,2,2,1,1,1,1,1,1,1,1,1,1,1,4,4,4,5,4,4
531,1,3,5,1,4,2,3,2,1,7,1,1,5,5,1,4,5,3,5,3,3,4,4,5,2,5,4,1,4,5,2,2,3,1,3,2,3,2,1,1,2,1,2,3,1,4,5,5,4,5
532,1,2,5,1,4,2,3,3,3,1,1,1,1,1,5,5,5,5,5,5,5,5,5,5,2,5,5,5,5,5,5,2,1,1,2,2,2,1,1,1,1,1,1,3,5,5,5,5,5,5
533,1,4,3,2,3,2,4,6,4,4,1,1,1,2,5,5,5,5,5,5,5,5,5,5,4,5,5,5,4,5,5,1,1,2,2,1,1,1,1,1,1,1,1,3,5,5,5,5,5,5
534,1,3,5,2,2,2,1,3,3,3,1,1,1,1,5,5,5,4,5,5,5,5,5,5,4,5,5,5,5,4,5,3,1,2,1,1,1,1,1,1,1,1,1,3,5,5,5,5,5,5
535,1,4,3,2,2,2,1,3,3,2,1,1,1,2,5,5,5,4,5,4,5,4,5,5,4,4,4,5,4,4,5,2,1,2,1,1,1,1,1,1,1,1,1,2,5,5,5,5,5,5
536,1,2,3,1,3,2,4,5,2,2,1,1,1,1,5,5,5,5,5,5,5,4,5,5,2,5,5,5,5,5,5,3,1,1,1,2,1,1,1,1,1,1,1,3,5,5,5,5,5,5
537,1,3,4,1,2,2,4,3,2,2,1,1,1,2,5,5,4,4,5,4,5,3,5,5,5,5,4,4,5,4,5,1,1,1,2,2,2,1,1,1,1,1,1,1,5,5,4,5,5,5
538,1,3,3,1,3,2,4,4,3,2,1,1,1,2,5,5,5,4,5,4,5,4,5,5,5,5,4,4,5,4,4,3,2,2,1,3,2,1,1,1,2,1,1,2,5,5,5,5,5,5
539,1,4,5,2,2,2,1,2,1,1,1,1,1,1,5,5,5,5,5,5,5,3,5,5,4,5,4,2,5,4,3,1,1,1,1,3,1,1,5,1,1,1,1,3,5,5,5,5,5,5
540,1,5,5,1,3,2,2,2,3,3,2,1,1,3,5,4,5,5,5,2,5,5,5,5,2,3,4,3,4,2,3,3,3,2,2,2,1,1,4,3,3,1,1,1,5,4,5,5,5,5
541,1,3,5,1,5,2,5,1,6,3,2,1,1,3,5,5,5,4,5,2,5,5,5,4,2,2,3,3,5,2,3,3,2,3,3,4,1,1,5,4,2,1,1,3,5,5,5,5,5,4
542,1,2,4,1,5,1,3,2,2,7,1,1,1,1,5,5,5,4,4,4,4,2,4,4,4,4,4,1,4,4,3,1,2,2,2,2,1,2,5,1,1,4,1,4,5,5,5,4,4,4
543,1,3,5,1,2,2,1,2,6,2,1,1,1,1,5,5,5,5,5,5,5,5,5,5,4,5,5,2,5,5,4,1,3,3,2,3,3,1,5,1,1,1,1,4,5,5,5,5,5,5
544,1,4,4,1,2,2,1,2,6,6,2,1,1,1,5,5,5,5,5,5,5,5,5,5,4,5,4,3,5,4,5,1,1,1,1,1,1,1,5,1,1,3,1,2,5,5,5,5,5,5
545,1,2,5,1,6,2,5,1,1,7,1,1,1,1,4,4,5,4,4,4,4,5,4,5,4,4,4,3,5,5,4,1,2,2,2,2,1,2,5,2,1,1,1,4,4,4,5,4,4,5
546,2,8,1,5,2,5,2,2,5,2,2,1,1,1,5,5,5,5,5,5,5,5,5,5,2,5,5,2,5,5,5,2,1,3,3,4,1,1,5,2,1,1,1,5,5,5,5,5,5,5
547,1,2,5,1,5,2,5,1,1,1,2,1,1,1,5,5,5,5,5,5,5,5,5,5,4,5,4,2,5,4,5,2,5,5,5,3,5,5,5,3,1,1,1,5,5,5,5,5,5,5
548,1,3,5,1,5,2,2,1,2,2,1,1,4,3,5,5,5,5,5,5,5,3,4,4,3,4,4,3,5,5,3,2,2,2,3,2,4,1,5,2,2,2,2,2,5,5,5,5,4,4
549,1,2,5,1,4,2,3,1,1,1,2,1,2,2,4,4,4,4,4,4,4,1,3,4,4,4,4,2,2,2,3,1,2,1,2,1,1,1,5,1,1,2,1,2,4,4,4,4,3,4
550,1,3,5,1,5,2,3,2,2,1,1,1,1,1,5,5,5,5,5,5,5,5,5,5,4,5,4,2,5,4,5,1,3,1,2,1,1,2,5,1,1,1,1,1,5,5,5,5,5,5
551,1,3,5,1,4,2,3,2,1,1,2,1,2,1,5,4,5,4,5,2,4,2,4,2,2,5,5,2,2,4,5,1,2,2,2,3,1,2,5,2,1,1,1,5,5,4,5,5,4,2
552,1,3,5,1,5,2,3,2,1,1,2,1,1,1,5,5,5,5,5,5,5,5,5,5,2,4,4,2,2,2,3,3,1,3,1,4,1,1,4,3,1,1,1,5,5,5,5,5,5,5
553,1,2,5,1,4,2,3,2,1,1,1,1,1,1,4,4,4,4,5,4,4,3,4,2,2,4,4,2,2,4,4,1,2,2,2,2,1,2,5,2,1,1,1,4,4,4,4,5,4,2
554,1,2,5,1,4,2,3,2,5,2,1,1,2,1,4,5,4,4,4,4,2,2,1,3,2,5,4,3,2,4,2,5,3,4,1,2,1,3,4,1,3,1,2,1,4,5,4,4,1,3
555,1,3,5,1,5,2,4,2,4,1,2,1,1,1,4,5,4,4,5,5,3,2,5,5,4,4,4,3,5,3,5,3,3,2,3,3,5,2,4,1,1,4,1,1,4,5,4,5,5,5
556,1,3,5,1,5,2,3,2,1,7,1,1,1,1,5,5,5,5,5,5,5,3,5,5,4,5,5,2,5,5,4,1,1,3,1,2,1,1,5,1,1,1,1,1,5,5,5,5,5,5
557,1,4,4,2,2,2,1,3,3,3,1,1,1,2,4,4,4,4,5,5,5,5,5,5,4,4,4,1,4,4,1,1,1,2,2,2,1,1,1,2,2,2,2,1,4,4,4,5,5,5
558,1,3,4,2,3,2,3,3,3,3,1,1,1,2,4,4,4,4,5,5,5,4,4,4,4,4,1,1,4,4,1,1,2,2,2,3,1,2,1,1,1,2,2,2,4,4,4,5,4,4
559,1,4,4,2,2,2,1,3,2,2,1,1,1,1,4,4,4,5,5,4,2,4,5,5,4,4,1,1,4,5,2,2,2,2,1,1,1,2,2,2,2,2,2,1,4,4,4,5,5,5
560,1,3,3,2,3,1,1,3,2,1,1,1,2,1,4,4,4,4,4,4,5,5,4,4,4,4,4,3,4,4,4,1,1,1,1,1,2,2,2,2,1,1,1,1,4,4,4,4,4,4
561,1,3,3,1,2,2,3,3,3,2,2,1,1,1,4,4,4,4,5,5,4,4,6,5,4,5,5,3,4,5,3,3,3,3,3,3,2,1,1,1,1,1,2,2,4,4,4,5,6,5
562,1,4,4,2,3,2,4,4,4,4,1,1,2,1,4,4,5,5,5,4,4,4,4,5,4,4,4,4,4,4,3,3,3,1,1,1,2,1,1,1,1,1,1,1,4,4,5,5,4,5
563,1,3,4,1,2,2,1,3,2,1,1,1,1,1,4,4,4,4,4,4,5,4,4,4,4,5,4,4,4,4,2,2,2,2,2,2,3,3,3,1,3,3,2,2,4,4,4,4,4,4
564,1,3,1,3,2,1,3,3,1,1,1,1,1,1,4,4,5,5,5,4,4,4,4,4,4,4,4,4,4,4,3,2,3,2,2,2,2,2,2,2,1,1,1,1,4,4,5,5,4,4
565,1,4,5,2,3,2,4,5,5,1,1,1,1,1,4,4,5,5,5,5,4,4,4,5,4,4,4,2,4,4,2,2,2,2,2,1,1,1,1,1,2,2,2,1,4,4,5,5,4,5
566,1,4,4,2,3,2,4,5,4,4,1,1,1,1,4,2,5,5,4,4,4,4,5,5,4,5,4,1,4,4,1,1,1,2,2,2,1,2,2,2,2,2,1,1,4,2,5,4,5,5
567,1,4,4,1,2,1,5,4,3,1,1,1,2,1,4,4,5,5,5,5,3,3,3,3,4,5,1,1,4,4,1,1,2,2,2,1,1,1,2,2,1,1,1,1,4,4,5,5,3,3
568,1,3,4,1,3,2,4,3,3,1,1,1,2,2,4,4,5,5,5,4,4,4,4,4,4,4,1,1,4,1,2,3,3,1,1,1,1,2,1,1,1,2,2,2,4,4,5,5,4,4
569,1,4,2,2,3,2,4,4,4,3,2,1,2,2,4,4,4,5,5,5,4,4,4,4,4,1,1,1,4,1,1,1,2,2,1,1,1,1,1,1,1,2,1,1,4,4,4,5,4,4
570,1,4,4,2,3,2,4,4,3,3,2,1,2,2,4,4,5,4,4,3,4,4,4,4,5,3,5,2,3,3,1,1,1,2,2,2,2,1,1,2,1,1,3,1,4,4,5,4,4,4
571,1,4,6,2,2,1,3,3,2,1,1,1,1,1,4,4,4,4,5,5,4,5,5,5,4,3,3,1,4,5,3,2,1,1,1,1,1,1,1,2,2,2,1,1,4,4,4,5,5,5
572,1,4,5,1,2,2,1,3,2,1,1,1,2,2,4,4,5,5,4,4,4,5,5,5,4,4,1,1,4,1,1,3,3,3,1,2,1,1,1,2,2,1,1,1,4,4,5,4,5,5
573,1,5,4,1,2,1,3,2,1,2,1,1,2,2,4,4,4,4,5,5,4,4,4,4,4,2,1,1,4,1,2,2,3,3,3,1,1,1,1,1,1,2,1,1,4,4,4,5,4,4
574,1,4,4,2,2,1,3,3,2,1,1,1,1,1,4,3,3,4,5,4,3,4,4,4,4,1,1,1,4,1,1,1,2,2,2,1,3,3,1,3,2,2,2,2,4,3,3,5,4,4
575,1,6,6,2,2,2,1,3,2,2,1,1,2,1,4,4,5,5,5,4,4,4,4,4,4,1,3,1,4,1,1,1,2,2,2,1,1,1,1,1,1,2,2,2,4,4,5,5,4,4
576,1,4,3,2,3,2,4,4,3,2,1,1,2,1,5,5,4,4,4,4,2,5,5,5,4,4,1,1,1,1,2,2,2,1,1,3,1,1,1,1,1,1,1,1,5,5,4,4,5,5
577,1,5,5,2,3,2,4,3,3,2,1,1,2,2,4,4,4,3,3,4,4,4,4,4,4,4,2,2,4,4,1,1,1,2,2,2,1,1,1,1,1,1,1,1,4,4,4,3,4,4
578,1,4,4,2,3,2,4,3,2,1,1,1,2,2,4,4,4,4,5,5,5,5,5,5,4,4,1,1,4,1,1,1,2,2,2,1,1,1,2,1,1,1,1,1,4,4,4,5,5,5
579,1,4,5,2,2,1,2,2,1,1,1,1,2,1,4,4,5,5,5,4,4,4,4,4,4,1,1,1,4,1,2,3,1,1,1,1,1,1,1,1,2,2,1,1,4,4,5,5,4,4
580,1,2,3,1,3,2,4,1,1,7,1,1,2,1,4,4,4,5,5,5,5,4,4,4,4,1,1,1,5,1,1,1,1,1,1,2,2,2,2,2,2,2,1,1,4,4,4,5,4,4
581,1,5,2,2,2,1,2,2,3,1,1,1,3,2,4,4,4,4,5,5,5,4,4,4,4,2,1,1,4,1,1,1,2,2,2,2,1,1,1,1,1,2,2,2,4,4,4,5,4,4
582,1,3,5,2,2,2,2,1,2,2,1,1,2,2,4,4,5,4,4,4,5,5,5,5,4,4,1,1,5,4,1,1,2,1,1,1,2,2,1,1,1,1,1,1,4,4,5,4,5,5
583,1,3,4,2,1,2,1,3,3,2,1,1,2,2,4,4,4,4,4,4,5,5,5,4,4,1,1,2,3,1,2,1,2,1,1,1,2,2,3,3,1,1,1,1,4,4,4,4,5,4
584,1,4,4,2,3,2,4,4,4,2,1,1,2,2,4,4,5,5,5,5,4,4,4,4,4,1,4,4,4,4,1,2,2,2,2,2,1,1,1,2,2,2,2,2,4,4,5,5,4,4
585,1,2,4,4,2,2,2,1,3,2,1,1,1,1,4,4,4,4,5,5,5,5,5,5,4,2,2,1,4,2,2,2,1,1,1,2,2,2,2,2,2,2,2,2,4,4,4,5,5,5
586,1,4,4,2,3,2,4,3,3,3,1,1,2,2,1,1,4,4,4,4,4,4,5,5,1,4,4,4,2,4,1,2,2,2,2,2,2,2,1,1,1,1,1,1,1,1,4,4,5,5
587,1,4,4,2,3,2,2,2,4,3,1,1,2,2,4,4,4,4,4,4,5,1,5,5,1,1,3,3,1,3,1,1,2,2,2,2,2,2,1,1,1,1,1,1,4,4,4,4,5,5
588,1,3,5,1,3,2,2,3,3,2,2,1,1,1,4,4,4,5,5,5,4,4,4,4,4,4,3,1,4,4,1,1,2,2,1,1,1,1,2,2,2,1,1,1,4,4,4,5,4,4
589,1,4,5,2,3,2,2,3,3,2,2,1,2,1,4,4,4,4,5,5,4,5,5,1,4,1,1,1,4,1,1,2,2,1,1,1,1,2,2,2,1,1,1,1,4,4,4,5,5,1
590,1,4,1,4,1,2,3,3,2,1,1,1,2,2,4,4,4,5,5,5,4,4,4,4,1,2,2,1,1,2,2,1,1,1,2,2,2,2,2,1,1,2,1,2,4,4,4,5,4,4
591,1,5,5,2,3,2,2,2,2,1,1,1,2,2,4,4,4,5,5,5,4,4,4,1,2,2,1,1,2,1,2,2,1,1,1,1,2,2,2,3,1,1,1,1,4,4,4,5,4,1
592,1,5,2,2,2,1,3,2,2,1,1,1,2,2,4,4,4,5,5,4,4,5,5,4,1,2,1,1,1,2,1,1,1,2,2,1,1,1,1,1,1,1,1,1,4,4,4,5,5,4
593,1,3,5,1,2,2,3,2,1,1,1,1,2,2,4,4,5,5,5,4,4,4,4,4,1,1,2,2,1,2,2,2,1,1,1,1,1,2,3,1,1,1,1,1,4,4,5,5,4,4
594,1,4,5,2,2,2,1,3,2,2,2,1,1,1,4,4,5,5,3,3,3,5,5,5,1,2,2,2,1,2,1,1,2,2,2,2,2,2,2,1,1,1,1,1,4,4,5,3,5,5
595,1,3,4,1,2,2,1,2,2,1,1,2,2,2,4,4,4,5,5,5,4,4,4,4,1,2,1,1,2,2,2,3,2,1,1,1,2,2,2,1,1,2,1,1,4,4,4,5,4,4
596,1,4,4,1,2,2,3,3,2,7,1,1,1,1,4,4,4,5,4,4,4,5,5,5,1,2,2,2,1,2,1,1,1,2,2,2,2,2,1,1,1,1,2,2,4,4,4,4,5,5
597,1,3,4,1,3,2,4,3,3,3,2,1,1,1,4,4,5,5,4,4,4,4,4,4,1,2,1,1,1,2,1,1,1,1,1,2,2,1,1,1,1,1,2,1,4,4,5,4,4,4
598,1,3,4,1,3,2,3,2,2,2,1,1,1,1,4,4,5,5,5,5,4,4,4,4,1,2,2,2,1,2,1,1,1,2,2,1,1,1,2,2,2,2,2,2,4,4,5,5,4,4
599,1,4,5,2,2,2,1,3,2,1,1,1,1,1,4,4,4,4,5,5,5,5,5,5,1,2,2,2,2,2,2,1,1,1,1,1,2,2,1,1,1,1,1,1,4,4,4,5,5,5
600,1,4,6,2,1,2,1,3,3,1,1,1,1,1,4,4,4,5,5,5,4,5,5,3,3,1,2,2,3,2,1,1,1,1,1,1,2,2,1,1,1,1,1,1,4,4,4,5,5,3
601,1,2,4,1,2,2,3,2,2,2,1,1,1,2,4,4,3,4,5,5,5,5,5,5,1,1,2,1,1,1,1,1,1,2,2,2,1,1,2,2,2,2,1,1,4,4,3,5,5,5
602,1,4,4,1,2,2,1,3,2,2,1,1,1,1,5,3,3,2,2,4,4,4,4,5,1,2,1,1,1,1,1,1,1,1,2,2,2,2,2,1,2,1,1,1,5,3,3,2,4,5
603,1,4,2,5,2,2,1,3,4,2,1,1,2,1,5,4,3,4,4,5,5,4,4,4,5,2,1,1,4,1,1,1,1,1,2,1,1,1,1,1,1,1,1,1,5,4,3,4,4,4
604,1,2,4,1,2,2,1,3,2,1,1,1,1,1,4,5,5,4,4,4,4,4,4,4,1,2,2,2,1,2,1,1,1,1,1,1,1,1,1,1,1,1,1,1,4,5,5,4,4,4
605,1,4,5,2,2,2,3,3,3,2,1,3,1,2,5,5,5,4,4,4,4,4,4,4,1,1,1,1,1,1,1,3,3,3,3,4,4,4,4,4,2,2,2,1,5,5,5,4,4,4
606,1,3,2,2,2,1,3,3,3,3,1,2,1,2,5,4,4,5,5,5,5,5,4,2,2,2,2,4,2,2,1,1,1,1,3,1,3,3,2,5,2,2,2,2,5,4,4,5,4,2
607,1,2,1,1,3,1,3,3,3,3,1,1,2,1,4,2,3,3,3,4,4,4,4,5,5,4,4,1,5,5,1,1,1,2,2,2,3,3,5,5,5,5,3,3,4,2,3,3,4,5
608,1,2,3,1,2,2,2,2,3,2,2,1,2,1,5,4,4,4,4,4,4,4,4,4,4,3,5,4,2,3,5,5,5,3,2,5,1,4,4,4,4,5,5,1,5,4,4,4,4,4
609,1,4,4,6,2,2,2,2,2,1,1,2,2,2,5,4,4,5,5,5,5,5,5,5,1,2,2,1,2,2,1,2,2,2,2,1,1,1,1,1,1,1,1,1,5,4,4,5,5,5
610,1,4,4,2,3,2,4,4,4,4,2,1,2,2,4,4,4,5,5,4,4,4,4,4,4,4,4,1,4,5,1,1,1,1,1,1,2,1,2,2,2,2,2,2,4,4,4,5,4,4
611,1,3,2,2,2,2,1,3,3,3,1,1,2,2,4,4,5,5,5,4,4,4,4,4,4,5,4,4,4,4,1,3,3,1,1,1,3,1,1,1,1,1,1,1,4,4,5,5,4,4
612,1,4,4,3,3,2,1,3,3,3,2,1,2,2,4,4,4,4,4,4,4,4,4,4,4,4,4,1,4,4,1,1,1,4,4,4,4,4,4,1,1,1,1,1,4,4,4,4,4,4
613,1,4,4,4,2,2,2,2,2,4,4,1,2,2,4,3,4,4,4,2,2,3,3,3,4,4,4,1,4,4,2,2,2,2,2,1,1,1,1,1,1,1,1,1,4,3,4,4,3,3
614,1,1,3,3,4,2,2,2,3,3,1,1,2,2,4,4,4,4,5,5,5,1,1,2,2,4,4,1,4,4,1,1,2,2,2,3,3,3,1,1,1,1,1,1,4,4,4,5,1,2
615,1,3,2,2,3,2,4,5,5,4,2,1,2,2,4,4,4,5,5,5,5,4,4,5,5,4,5,4,4,5,4,2,2,3,1,3,3,3,2,1,1,1,1,1,4,4,4,5,4,5
616,1,4,6,2,2,2,2,1,3,3,3,1,1,1,2,4,5,4,4,4,5,5,5,5,2,1,1,1,1,2,1,1,1,1,1,2,2,1,1,1,1,1,1,1,2,4,5,4,5,5
617,1,4,5,1,2,2,1,3,3,3,2,1,2,2,2,4,4,4,4,4,5,5,5,5,4,4,2,1,4,2,1,1,1,1,2,2,2,2,1,1,1,1,1,1,2,4,4,4,5,5
618,1,3,2,2,2,2,3,3,2,1,2,1,1,1,2,4,4,4,4,4,4,4,4,4,5,5,4,1,5,5,5,1,1,1,1,1,1,1,2,1,1,1,1,1,2,4,4,4,4,4
619,1,4,5,1,2,1,3,3,3,3,1,1,2,2,2,4,4,5,5,5,5,5,4,4,4,4,2,2,4,4,1,5,1,1,2,2,1,1,3,3,3,3,3,1,2,4,4,5,4,4
620,1,4,5,1,2,2,1,3,3,1,1,1,2,1,2,4,4,4,4,5,5,5,4,4,4,4,4,4,4,4,5,5,2,2,2,2,2,2,1,1,1,3,3,1,2,4,4,4,4,4
621,1,4,1,2,2,1,3,2,1,1,1,1,1,1,2,4,4,4,4,4,4,4,5,5,5,4,5,1,4,5,1,1,1,1,2,2,2,2,1,1,1,1,1,1,2,4,4,4,5,5
622,1,4,5,3,3,2,1,3,2,2,1,2,1,2,2,4,4,4,4,4,4,4,5,5,5,4,4,2,5,4,2,2,2,2,2,1,1,1,1,1,2,1,1,1,2,4,4,4,5,5
623,1,4,5,2,3,2,4,2,4,4,3,1,1,1,2,4,4,3,4,4,4,5,5,5,4,4,5,1,4,5,1,1,1,1,2,1,1,1,1,1,2,2,2,2,2,4,4,4,5,5
624,1,4,4,3,3,2,1,3,3,3,3,1,3,3,2,4,4,5,5,4,4,4,4,4,5,4,4,5,5,4,1,1,1,2,2,2,2,1,1,1,2,2,1,1,2,4,4,5,4,4
