_id,year,county_id,county_name,type,nj_data_source,killed_total,killed_per_100milvmt,killed_per_capita,si_total,si_per_100milvmt,si_per_capita,ksi_total,ksi_per_100milvmt,ksi_per_capita,ksi_total_5yravg
"1","2006","42017","Bucks","All","N/A","72","1.5","11.7","175","3.5","28.3","247","5","40","null"
"2","2006","42017","Bucks","Motorized","N/A","58","1.2","9.4","164","3.3","26.5","222","4.5","35.9","null"
"3","2006","42017","Bucks","Non-Motorized","N/A","14","0.3","2.3","11","0.2","1.8","25","0.5","4.1","null"
"4","2006","34005","Burlington","All","Official","45","0.9","10","128","2.6","28.7","173","3.5","38.7","null"
"5","2006","34005","Burlington","Motorized","Official","39","0.8","8.7","112","2.3","25.1","151","3.1","33.8","null"
"6","2006","34005","Burlington","Non-Motorized","Official","6","0.1","1.3","16","0.3","3.6","22","0.4","4.9","null"
"7","2006","34007","Camden","All","Official","47","1.1","9.1","151","3.7","29.3","198","4.8","38.4","null"
"8","2006","34007","Camden","Motorized","Official","38","0.9","7.4","110","2.7","21.3","148","3.6","28.7","null"
"9","2006","34007","Camden","Non-Motorized","Official","9","0.2","1.7","41","1","8","50","1.2","9.7","null"
"10","2006","42029","Chester","All","N/A","54","1.2","11.2","159","3.6","33.2","213","4.8","44.4","null"
"11","2006","42029","Chester","Motorized","N/A","50","1.1","10.4","151","3.4","31.5","201","4.5","41.9","null"
"12","2006","42029","Chester","Non-Motorized","N/A","4","0.1","0.8","8","0.2","1.7","12","0.3","2.5","null"
"13","2006","42045","Delaware","All","N/A","29","0.8","5.3","115","3.1","20.8","144","3.9","26.1","null"
"14","2006","42045","Delaware","Motorized","N/A","22","0.6","4","97","2.6","17.5","119","3.2","21.5","null"
"15","2006","42045","Delaware","Non-Motorized","N/A","7","0.2","1.3","18","0.5","3.3","25","0.7","4.6","null"
"16","2006","34015","Gloucester","All","Official","35","1.3","12.4","106","3.9","37.6","141","5.2","50","null"
"17","2006","34015","Gloucester","Motorized","Official","27","1","9.6","93","3.4","33","120","4.4","42.6","null"
"18","2006","34015","Gloucester","Non-Motorized","Official","8","0.3","2.8","13","0.5","4.6","21","0.8","7.4","null"
"19","2006","34021","Mercer","All","Official","37","1","10.2","105","3","28.9","142","4","39.1","null"
"20","2006","34021","Mercer","Motorized","Official","29","0.8","8","81","2.3","22.3","110","3.1","30.3","null"
"21","2006","34021","Mercer","Non-Motorized","Official","8","0.2","2.2","24","0.7","6.6","32","0.9","8.8","null"
"22","2006","42091","Montgomery","All","N/A","54","0.8","7","202","2.9","26.1","256","3.7","33.1","null"
"23","2006","42091","Montgomery","Motorized","N/A","48","0.7","6.2","170","2.4","22","218","3.1","28.2","null"
"24","2006","42091","Montgomery","Non-Motorized","N/A","6","0.1","0.8","32","0.5","4.1","38","0.6","4.9","null"
"25","2006","42101","Philadelphia","All","N/A","104","1.8","6.8","377","6.3","24.8","481","8.1","31.6","null"
"26","2006","42101","Philadelphia","Motorized","N/A","63","1.1","4.1","275","4.6","18.1","338","5.7","22.2","null"
"27","2006","42101","Philadelphia","Non-Motorized","N/A","41","0.7","2.7","102","1.7","6.7","143","2.4","9.4","null"
"28","2007","42017","Bucks","All","N/A","60","1.2","9.6","180","3.5","28.9","240","4.7","38.5","null"
"29","2007","42017","Bucks","Motorized","N/A","50","1","8","163","3.2","26.2","213","4.2","34.2","null"
"30","2007","42017","Bucks","Non-Motorized","N/A","10","0.2","1.6","17","0.3","2.7","27","0.5","4.3","null"
"31","2007","34005","Burlington","All","Official","52","1.1","11.7","112","2.4","25.2","164","3.5","36.9","null"
"32","2007","34005","Burlington","Motorized","Official","41","0.9","9.2","95","2","21.4","136","2.9","30.6","null"
"33","2007","34005","Burlington","Non-Motorized","Official","11","0.2","2.5","17","0.4","3.8","28","0.6","6.3","null"
"34","2007","34007","Camden","All","Official","46","1.1","8.9","145","3.6","28.1","191","4.7","37","null"
"35","2007","34007","Camden","Motorized","Official","32","0.8","6.2","109","2.7","21.1","141","3.5","27.3","null"
"36","2007","34007","Camden","Non-Motorized","Official","14","0.3","2.7","36","0.9","7","50","1.2","9.7","null"
"37","2007","42029","Chester","All","N/A","55","1.3","11.2","140","3.1","28.7","195","4.4","39.9","null"
"38","2007","42029","Chester","Motorized","N/A","48","1.1","9.8","134","3","27.5","182","4.1","37.3","null"
"39","2007","42029","Chester","Non-Motorized","N/A","7","0.2","1.4","6","0.1","1.2","13","0.3","2.6","null"
"40","2007","42045","Delaware","All","N/A","22","0.6","4","101","2.6","18.2","123","3.2","22.2","null"
"41","2007","42045","Delaware","Motorized","N/A","20","0.5","3.6","88","2.3","15.9","108","2.8","19.5","null"
"42","2007","42045","Delaware","Non-Motorized","N/A","2","0.1","0.4","13","0.3","2.3","15","0.4","2.7","null"
"43","2007","34015","Gloucester","All","Official","45","1.7","15.7","119","4.3","41.6","164","6","57.3","null"
"44","2007","34015","Gloucester","Motorized","Official","40","1.5","14","107","3.9","37.4","147","5.4","51.4","null"
"45","2007","34015","Gloucester","Non-Motorized","Official","5","0.2","1.7","12","0.4","4.2","17","0.6","5.9","null"
"46","2007","34021","Mercer","All","Official","27","0.7","7.4","70","1.9","19.3","97","2.6","26.7","null"
"47","2007","34021","Mercer","Motorized","Official","23","0.6","6.3","58","1.6","16","81","2.2","22.3","null"
"48","2007","34021","Mercer","Non-Motorized","Official","4","0.1","1.1","12","0.3","3.3","16","0.4","4.4","null"
"49","2007","42091","Montgomery","All","N/A","57","0.8","7.3","197","2.8","25.4","254","3.6","32.7","null"
"50","2007","42091","Montgomery","Motorized","N/A","46","0.6","5.9","174","2.5","22.4","220","3.1","28.3","null"
"51","2007","42091","Montgomery","Non-Motorized","N/A","11","0.2","1.4","23","0.3","3","34","0.5","4.4","null"
"52","2007","42101","Philadelphia","All","N/A","125","2.1","8.2","330","5.5","21.6","455","7.6","29.8","null"
"53","2007","42101","Philadelphia","Motorized","N/A","85","1.4","5.6","221","3.7","14.5","306","5.1","20.1","null"
"54","2007","42101","Philadelphia","Non-Motorized","N/A","40","0.7","2.6","109","1.8","7.1","149","2.5","9.7","null"
"55","2008","42017","Bucks","All","N/A","54","1.1","8.7","161","3.2","25.8","215","4.3","34.5","null"
"56","2008","42017","Bucks","Motorized","N/A","44","0.9","7.1","149","3","23.9","193","3.9","31","null"
"57","2008","42017","Bucks","Non-Motorized","N/A","10","0.2","1.6","12","0.2","1.9","22","0.4","3.5","null"
"58","2008","34005","Burlington","All","Official","47","1.1","10.6","116","2.6","26.1","163","3.7","36.7","null"
"59","2008","34005","Burlington","Motorized","Official","30","0.7","6.8","97","2.2","21.8","127","2.9","28.6","null"
"60","2008","34005","Burlington","Non-Motorized","Official","17","0.4","3.8","19","0.4","4.3","36","0.8","8.1","null"
"61","2008","34007","Camden","All","Official","46","1.2","8.9","125","3.1","24.2","171","4.3","33.1","null"
"62","2008","34007","Camden","Motorized","Official","32","0.8","6.2","93","2.3","18","125","3.1","24.2","null"
"63","2008","34007","Camden","Non-Motorized","Official","14","0.4","2.7","32","0.8","6.2","46","1.2","8.9","null"
"64","2008","42029","Chester","All","N/A","40","0.9","8.1","151","3.4","30.6","191","4.3","38.7","null"
"65","2008","42029","Chester","Motorized","N/A","37","0.8","7.5","143","3.2","29","180","4","36.5","null"
"66","2008","42029","Chester","Non-Motorized","N/A","3","0.1","0.6","8","0.2","1.6","11","0.3","2.2","null"
"67","2008","42045","Delaware","All","N/A","21","0.6","3.7","103","2.7","18.5","124","3.3","22.2","null"
"68","2008","42045","Delaware","Motorized","N/A","18","0.5","3.2","90","2.4","16.2","108","2.9","19.4","null"
"69","2008","42045","Delaware","Non-Motorized","N/A","3","0.1","0.5","13","0.3","2.3","16","0.4","2.8","null"
"70","2008","34015","Gloucester","All","Official","31","1.2","10.7","94","3.5","32.7","125","4.7","43.4","null"
"71","2008","34015","Gloucester","Motorized","Official","26","1","9","80","3","27.8","106","4","36.8","null"
"72","2008","34015","Gloucester","Non-Motorized","Official","5","0.2","1.7","14","0.5","4.9","19","0.7","6.6","null"
"73","2008","34021","Mercer","All","Official","20","0.5","5.5","74","2.2","20.3","94","2.7","25.8","null"
"74","2008","34021","Mercer","Motorized","Official","15","0.4","4.1","62","1.8","17","77","2.2","21.1","null"
"75","2008","34021","Mercer","Non-Motorized","Official","5","0.1","1.4","12","0.4","3.3","17","0.5","4.7","null"
"76","2008","42091","Montgomery","All","N/A","45","0.7","5.7","182","2.6","23.3","227","3.3","29","null"
"77","2008","42091","Montgomery","Motorized","N/A","40","0.6","5.1","159","2.3","20.4","199","2.9","25.5","null"
"78","2008","42091","Montgomery","Non-Motorized","N/A","5","0.1","0.6","23","0.3","2.9","28","0.4","3.5","null"
"79","2008","42101","Philadelphia","All","N/A","92","1.6","6","252","4.2","16.3","344","5.8","22.3","null"
"80","2008","42101","Philadelphia","Motorized","N/A","57","1","3.7","162","2.7","10.5","219","3.7","14.2","null"
"81","2008","42101","Philadelphia","Non-Motorized","N/A","35","0.6","2.3","90","1.5","5.8","125","2.1","8.1","null"
"82","2009","42017","Bucks","All","N/A","64","1.3","10.2","138","2.9","22","202","4.2","32.2","null"
"83","2009","42017","Bucks","Motorized","N/A","49","1","7.8","114","2.4","18.2","163","3.4","26","null"
"84","2009","42017","Bucks","Non-Motorized","N/A","15","0.3","2.4","24","0.5","3.8","39","0.8","6.2","null"
"85","2009","34005","Burlington","All","Official","48","1.1","10.8","108","2.4","24.3","156","3.5","35.1","null"
"86","2009","34005","Burlington","Motorized","Official","41","0.9","9.2","91","2","20.5","132","2.9","29.7","null"
"87","2009","34005","Burlington","Non-Motorized","Official","7","0.2","1.6","17","0.4","3.8","24","0.6","5.4","null"
"88","2009","34007","Camden","All","Official","39","1","7.5","114","2.9","22.1","153","3.9","29.6","null"
"89","2009","34007","Camden","Motorized","Official","29","0.7","5.6","87","2.2","16.9","116","2.9","22.5","null"
"90","2009","34007","Camden","Non-Motorized","Official","10","0.3","1.9","27","0.7","5.2","37","1","7.1","null"
"91","2009","42029","Chester","All","N/A","31","0.7","6.2","111","2.6","22.3","142","3.3","28.5","null"
"92","2009","42029","Chester","Motorized","N/A","29","0.7","5.8","100","2.3","20.1","129","3","25.9","null"
"93","2009","42029","Chester","Non-Motorized","N/A","2","0","0.4","11","0.3","2.2","13","0.3","2.6","null"
"94","2009","42045","Delaware","All","N/A","20","0.6","3.6","105","3","18.8","125","3.6","22.4","null"
"95","2009","42045","Delaware","Motorized","N/A","14","0.4","2.5","80","2.3","14.3","94","2.7","16.8","null"
"96","2009","42045","Delaware","Non-Motorized","N/A","6","0.2","1.1","25","0.7","4.5","31","0.9","5.6","null"
"97","2009","34015","Gloucester","All","Official","22","0.8","7.6","98","3.6","33.9","120","4.4","41.5","null"
"98","2009","34015","Gloucester","Motorized","Official","17","0.6","5.9","89","3.3","30.8","106","3.9","36.7","null"
"99","2009","34015","Gloucester","Non-Motorized","Official","5","0.2","1.7","9","0.3","3.1","14","0.5","4.8","null"
"100","2009","34021","Mercer","All","Official","23","0.7","6.3","73","2.2","19.9","96","2.9","26.2","null"
"101","2009","34021","Mercer","Motorized","Official","14","0.4","3.8","67","2","18.3","81","2.4","22.1","null"
"102","2009","34021","Mercer","Non-Motorized","Official","9","0.3","2.5","6","0.2","1.6","15","0.5","4.1","null"
"103","2009","42091","Montgomery","All","N/A","41","0.6","5.2","155","2.3","19.8","196","2.9","25","null"
"104","2009","42091","Montgomery","Motorized","N/A","33","0.5","4.2","134","2","17.1","167","2.5","21.3","null"
"105","2009","42091","Montgomery","Non-Motorized","N/A","8","0.1","1","21","0.3","2.7","29","0.4","3.7","null"
"106","2009","42101","Philadelphia","All","N/A","95","1.7","6.1","295","5.2","19","390","6.9","25.1","null"
"107","2009","42101","Philadelphia","Motorized","N/A","61","1.1","3.9","213","3.8","13.7","274","4.9","17.6","null"
"108","2009","42101","Philadelphia","Non-Motorized","N/A","34","0.6","2.2","82","1.4","5.3","116","2","7.5","null"
"109","2010","42017","Bucks","All","N/A","45","1","7.2","148","3.1","23.7","193","4.1","30.9","219.4"
"110","2010","42017","Bucks","Motorized","N/A","36","0.8","5.8","120","2.5","19.2","156","3.3","25","null"
"111","2010","42017","Bucks","Non-Motorized","N/A","9","0.2","1.4","28","0.6","4.5","37","0.8","5.9","null"
"112","2010","34005","Burlington","All","Official","37","0.8","8.2","114","2.5","25.4","151","3.3","33.6","161.4"
"113","2010","34005","Burlington","Motorized","Official","32","0.7","7.1","94","2.1","20.9","126","2.8","28","null"
"114","2010","34005","Burlington","Non-Motorized","Official","5","0.1","1.1","20","0.4","4.5","25","0.5","5.6","null"
"115","2010","34007","Camden","All","Official","43","1.2","8.3","123","3.2","24","166","4.4","32.3","175.8"
"116","2010","34007","Camden","Motorized","Official","29","0.8","5.6","95","2.5","18.5","124","3.3","24.1","null"
"117","2010","34007","Camden","Non-Motorized","Official","14","0.4","2.7","28","0.7","5.5","42","1.1","8.2","null"
"118","2010","42029","Chester","All","N/A","32","0.7","6.4","141","3.3","28.2","173","4","34.6","182.8"
"119","2010","42029","Chester","Motorized","N/A","31","0.7","6.2","130","3","26","161","3.7","32.2","null"
"120","2010","42029","Chester","Non-Motorized","N/A","1","0","0.2","11","0.3","2.2","12","0.3","2.4","null"
"121","2010","42045","Delaware","All","N/A","23","0.7","4.2","97","2.9","17.4","120","3.6","21.6","127.2"
"122","2010","42045","Delaware","Motorized","N/A","16","0.5","2.9","71","2.1","12.7","87","2.6","15.6","null"
"123","2010","42045","Delaware","Non-Motorized","N/A","7","0.2","1.3","26","0.8","4.7","33","1","6","null"
"124","2010","34015","Gloucester","All","Official","24","0.9","8.3","94","3.5","32.5","118","4.4","40.8","133.6"
"125","2010","34015","Gloucester","Motorized","Official","14","0.5","4.8","78","2.9","27","92","3.4","31.8","null"
"126","2010","34015","Gloucester","Non-Motorized","Official","10","0.4","3.5","16","0.6","5.5","26","1","9","null"
"127","2010","34021","Mercer","All","Official","21","0.7","5.8","82","2.5","22.3","103","3.2","28.1","106.4"
"128","2010","34021","Mercer","Motorized","Official","16","0.5","4.4","62","1.9","16.9","78","2.4","21.3","null"
"129","2010","34021","Mercer","Non-Motorized","Official","5","0.2","1.4","20","0.6","5.4","25","0.8","6.8","null"
"130","2010","42091","Montgomery","All","N/A","33","0.5","4.1","153","2.3","19.1","186","2.8","23.2","223.8"
"131","2010","42091","Montgomery","Motorized","N/A","30","0.5","3.7","131","2","16.4","161","2.5","20.1","null"
"132","2010","42091","Montgomery","Non-Motorized","N/A","3","0","0.4","22","0.3","2.7","25","0.3","3.1","null"
"133","2010","42101","Philadelphia","All","N/A","93","1.7","6.1","265","4.8","17.4","358","6.5","23.5","405.6"
"134","2010","42101","Philadelphia","Motorized","N/A","59","1.1","3.9","174","3.2","11.4","233","4.3","15.3","null"
"135","2010","42101","Philadelphia","Non-Motorized","N/A","34","0.6","2.2","91","1.6","6","125","2.2","8.2","null"
"136","2011","42017","Bucks","All","N/A","61","1.3","9.7","139","3","22.2","200","4.3","31.9","210"
"137","2011","42017","Bucks","Motorized","N/A","51","1.1","8.1","127","2.7","20.3","178","3.8","28.4","null"
"138","2011","42017","Bucks","Non-Motorized","N/A","10","0.2","1.6","12","0.3","1.9","22","0.5","3.5","null"
"139","2011","34005","Burlington","All","Official","45","1","10","106","2.4","23.6","151","3.4","33.6","157"
"140","2011","34005","Burlington","Motorized","Official","40","0.9","8.9","94","2.1","20.9","134","3","29.8","null"
"141","2011","34005","Burlington","Non-Motorized","Official","5","0.1","1.1","12","0.3","2.7","17","0.4","3.8","null"
"142","2011","34007","Camden","All","Official","44","1.1","8.5","114","3","22.3","158","4.1","30.8","167.8"
"143","2011","34007","Camden","Motorized","Official","31","0.8","6","84","2.2","16.4","115","3","22.4","null"
"144","2011","34007","Camden","Non-Motorized","Official","13","0.3","2.5","30","0.8","5.9","43","1.1","8.4","null"
"145","2011","42029","Chester","All","N/A","40","1","8","117","2.7","23.3","157","3.7","31.3","171.6"
"146","2011","42029","Chester","Motorized","N/A","33","0.8","6.6","109","2.5","21.7","142","3.3","28.3","null"
"147","2011","42029","Chester","Non-Motorized","N/A","7","0.2","1.4","8","0.2","1.6","15","0.4","3","null"
"148","2011","42045","Delaware","All","N/A","20","0.6","3.6","107","3.2","19.1","127","3.8","22.7","123.8"
"149","2011","42045","Delaware","Motorized","N/A","16","0.5","2.9","88","2.6","15.7","104","3.1","18.6","null"
"150","2011","42045","Delaware","Non-Motorized","N/A","4","0.1","0.7","19","0.6","3.4","23","0.7","4.1","null"
"151","2011","34015","Gloucester","All","Official","25","0.9","8.6","86","3.1","29.6","111","4","38.2","127.6"
"152","2011","34015","Gloucester","Motorized","Official","23","0.8","7.9","74","2.7","25.5","97","3.5","33.4","null"
"153","2011","34015","Gloucester","Non-Motorized","Official","2","0.1","0.7","12","0.4","4.1","14","0.5","4.8","null"
"154","2011","34021","Mercer","All","Official","21","0.6","5.7","60","1.9","16.3","81","2.5","22","94.2"
"155","2011","34021","Mercer","Motorized","Official","13","0.4","3.5","45","1.4","12.2","58","1.8","15.7","null"
"156","2011","34021","Mercer","Non-Motorized","Official","8","0.2","2.2","15","0.5","4.1","23","0.7","6.3","null"
"157","2011","42091","Montgomery","All","N/A","45","0.7","5.6","141","2.1","17.5","186","2.8","23.1","209.8"
"158","2011","42091","Montgomery","Motorized","N/A","33","0.5","4.1","119","1.8","14.8","152","2.3","18.9","null"
"159","2011","42091","Montgomery","Non-Motorized","N/A","12","0.2","1.5","22","0.3","2.7","34","0.5","4.2","null"
"160","2011","42101","Philadelphia","All","N/A","87","1.6","5.7","277","5.2","18","364","6.8","23.7","382.2"
"161","2011","42101","Philadelphia","Motorized","N/A","55","1","3.6","182","3.4","11.8","237","4.4","15.4","null"
"162","2011","42101","Philadelphia","Non-Motorized","N/A","32","0.6","2.1","95","1.8","6.2","127","2.4","8.3","null"
"163","2012","42017","Bucks","All","N/A","65","1.4","10.4","154","3.4","24.7","219","4.8","35.1","205.8"
"164","2012","42017","Bucks","Motorized","N/A","54","1.2","8.6","133","2.9","21.3","187","4.1","29.9","null"
"165","2012","42017","Bucks","Non-Motorized","N/A","11","0.2","1.8","21","0.5","3.4","32","0.7","5.2","null"
"166","2012","34005","Burlington","All","Official","51","1.1","11.3","108","2.4","24","159","3.5","35.3","156"
"167","2012","34005","Burlington","Motorized","Official","40","0.9","8.9","96","2.1","21.3","136","3","30.2","null"
"168","2012","34005","Burlington","Non-Motorized","Official","11","0.2","2.4","12","0.3","2.7","23","0.5","5.1","null"
"169","2012","34007","Camden","All","Official","25","0.6","4.9","123","3.1","24","148","3.7","28.9","159.2"
"170","2012","34007","Camden","Motorized","Official","17","0.4","3.3","84","2.1","16.4","101","2.5","19.7","null"
"171","2012","34007","Camden","Non-Motorized","Official","8","0.2","1.6","39","1","7.6","47","1.2","9.2","null"
"172","2012","42029","Chester","All","N/A","31","0.7","6.1","109","2.6","21.6","140","3.3","27.7","160.6"
"173","2012","42029","Chester","Motorized","N/A","29","0.7","5.7","93","2.2","18.4","122","2.9","24.1","null"
"174","2012","42029","Chester","Non-Motorized","N/A","2","0","0.4","16","0.4","3.2","18","0.4","3.6","null"
"175","2012","42045","Delaware","All","N/A","28","0.8","5","85","2.5","15.1","113","3.3","20.1","121.8"
"176","2012","42045","Delaware","Motorized","N/A","18","0.5","3.2","68","2","12.1","86","2.5","15.3","null"
"177","2012","42045","Delaware","Non-Motorized","N/A","10","0.3","1.8","17","0.5","3","27","0.8","4.8","null"
"178","2012","34015","Gloucester","All","Official","27","1","9.3","71","2.5","24.5","98","3.5","33.8","114.4"
"179","2012","34015","Gloucester","Motorized","Official","22","0.8","7.6","63","2.2","21.7","85","3","29.3","null"
"180","2012","34015","Gloucester","Non-Motorized","Official","5","0.2","1.7","8","0.3","2.8","13","0.5","4.5","null"
"181","2012","34021","Mercer","All","Official","23","0.7","6.3","47","1.4","12.7","70","2.1","19","88.8"
"182","2012","34021","Mercer","Motorized","Official","12","0.4","3.3","31","0.9","8.4","43","1.3","11.7","null"
"183","2012","34021","Mercer","Non-Motorized","Official","11","0.3","3","16","0.5","4.3","27","0.8","7.3","null"
"184","2012","42091","Montgomery","All","N/A","44","0.7","5.5","158","2.4","19.5","202","3.1","25","199.4"
"185","2012","42091","Montgomery","Motorized","N/A","32","0.5","4","139","2.1","17.2","171","2.6","21.2","null"
"186","2012","42091","Montgomery","Non-Motorized","N/A","12","0.2","1.5","19","0.3","2.3","31","0.5","3.8","null"
"187","2012","42101","Philadelphia","All","N/A","107","2","6.8","291","5.3","18.7","398","7.3","25.5","370.8"
"188","2012","42101","Philadelphia","Motorized","N/A","69","1.3","4.4","208","3.8","13.4","277","5.1","17.8","null"
"189","2012","42101","Philadelphia","Non-Motorized","N/A","38","0.7","2.4","83","1.5","5.3","121","2.2","7.7","null"
"190","2013","42017","Bucks","All","N/A","44","1","7","125","2.7","20","169","3.7","27","196.6"
"191","2013","42017","Bucks","Motorized","N/A","37","0.8","5.9","111","2.4","17.8","148","3.2","23.7","null"
"192","2013","42017","Bucks","Non-Motorized","N/A","7","0.2","1.1","14","0.3","2.2","21","0.5","3.3","null"
"193","2013","34005","Burlington","All","Official","37","0.8","8.2","95","2.1","21.2","132","2.9","29.4","149.8"
"194","2013","34005","Burlington","Motorized","Official","31","0.7","6.9","78","1.7","17.4","109","2.4","24.3","null"
"195","2013","34005","Burlington","Non-Motorized","Official","6","0.1","1.3","17","0.4","3.8","23","0.5","5.1","null"
"196","2013","34007","Camden","All","Official","32","0.8","6.3","97","2.5","19","129","3.3","25.3","150.8"
"197","2013","34007","Camden","Motorized","Official","21","0.5","4.1","76","2","14.9","97","2.5","19","null"
"198","2013","34007","Camden","Non-Motorized","Official","11","0.3","2.2","21","0.5","4.1","32","0.8","6.3","null"
"199","2013","42029","Chester","All","N/A","33","0.7","6.5","103","2.5","20.3","136","3.2","26.8","149.6"
"200","2013","42029","Chester","Motorized","N/A","27","0.6","5.3","95","2.3","18.7","122","2.9","24","null"
"201","2013","42029","Chester","Non-Motorized","N/A","6","0.1","1.2","8","0.2","1.6","14","0.3","2.8","null"
"202","2013","42045","Delaware","All","N/A","27","0.8","4.8","104","3.2","18.5","131","4","23.3","123.2"
"203","2013","42045","Delaware","Motorized","N/A","24","0.7","4.3","83","2.6","14.8","107","3.3","19.1","null"
"204","2013","42045","Delaware","Non-Motorized","N/A","3","0.1","0.5","21","0.6","3.7","24","0.7","4.2","null"
"205","2013","34015","Gloucester","All","Official","27","1","9.4","76","2.6","26.2","103","3.6","35.6","110"
"206","2013","34015","Gloucester","Motorized","Official","19","0.7","6.6","72","2.5","24.8","91","3.2","31.4","null"
"207","2013","34015","Gloucester","Non-Motorized","Official","8","0.3","2.8","4","0.1","1.4","12","0.4","4.2","null"
"208","2013","34021","Mercer","All","Official","33","0.9","8.9","30","0.8","8.1","63","1.7","17","82.6"
"209","2013","34021","Mercer","Motorized","Official","27","0.7","7.3","14","0.4","3.8","41","1.1","11.1","null"
"210","2013","34021","Mercer","Non-Motorized","Official","6","0.2","1.6","16","0.4","4.3","22","0.6","5.9","null"
"211","2013","42091","Montgomery","All","N/A","40","0.6","4.9","161","2.5","19.8","201","3.1","24.7","194.2"
"212","2013","42091","Montgomery","Motorized","N/A","31","0.5","3.8","134","2.1","16.5","165","2.6","20.3","null"
"213","2013","42091","Montgomery","Non-Motorized","N/A","9","0.1","1.1","27","0.4","3.3","36","0.5","4.4","null"
"214","2013","42101","Philadelphia","All","N/A","89","1.7","5.7","257","4.9","16.5","346","6.6","22.2","371.2"
"215","2013","42101","Philadelphia","Motorized","N/A","52","1","3.3","166","3.2","10.7","218","4.2","14","null"
"216","2013","42101","Philadelphia","Non-Motorized","N/A","37","0.7","2.4","91","1.7","5.8","128","2.4","8.2","null"
"217","2014","42017","Bucks","All","N/A","44","0.9","7.1","85","1.9","13.6","129","2.8","20.7","182"
"218","2014","42017","Bucks","Motorized","N/A","33","0.7","5.3","73","1.6","11.7","106","2.3","17","null"
"219","2014","42017","Bucks","Non-Motorized","N/A","11","0.2","1.8","12","0.3","1.9","23","0.5","3.7","null"
"220","2014","34005","Burlington","All","Official","34","0.7","7.6","55","1.1","12.3","89","1.8","19.9","136.4"
"221","2014","34005","Burlington","Motorized","Official","23","0.5","5.1","48","1","10.7","71","1.5","15.8","null"
"222","2014","34005","Burlington","Non-Motorized","Official","11","0.2","2.5","7","0.1","1.6","18","0.3","4.1","null"
"223","2014","34007","Camden","All","Official","40","1","7.8","58","1.5","11.4","98","2.5","19.2","139.8"
"224","2014","34007","Camden","Motorized","Official","24","0.6","4.7","54","1.4","10.6","78","2","15.3","null"
"225","2014","34007","Camden","Non-Motorized","Official","16","0.4","3.1","4","0.1","0.8","20","0.5","3.9","null"
"226","2014","42029","Chester","All","N/A","34","0.8","6.7","106","2.6","20.6","140","3.4","27.3","149.2"
"227","2014","42029","Chester","Motorized","N/A","27","0.6","5.3","95","2.3","18.5","122","2.9","23.8","null"
"228","2014","42029","Chester","Non-Motorized","N/A","7","0.2","1.4","11","0.3","2.1","18","0.5","3.5","null"
"229","2014","42045","Delaware","All","N/A","26","0.7","4.6","66","2.1","11.8","92","2.8","16.4","116.6"
"230","2014","42045","Delaware","Motorized","N/A","18","0.5","3.2","51","1.6","9.1","69","2.1","12.3","null"
"231","2014","42045","Delaware","Non-Motorized","N/A","8","0.2","1.4","15","0.5","2.7","23","0.7","4.1","null"
"232","2014","34015","Gloucester","All","Official","30","1","10.3","74","2.6","25.4","104","3.6","35.7","106.8"
"233","2014","34015","Gloucester","Motorized","Official","23","0.8","7.9","71","2.5","24.4","94","3.3","32.3","null"
"234","2014","34015","Gloucester","Non-Motorized","Official","7","0.2","2.4","3","0.1","1","10","0.3","3.4","null"
"235","2014","34021","Mercer","All","Official","24","0.6","6.5","36","0.9","9.7","60","1.5","16.2","75.4"
"236","2014","34021","Mercer","Motorized","Official","16","0.4","4.3","27","0.7","7.3","43","1.1","11.6","null"
"237","2014","34021","Mercer","Non-Motorized","Official","8","0.2","2.2","9","0.2","2.4","17","0.4","4.6","null"
"238","2014","42091","Montgomery","All","N/A","38","0.6","4.6","123","1.9","15.1","161","2.5","19.7","187.2"
"239","2014","42091","Montgomery","Motorized","N/A","33","0.5","4","100","1.5","12.3","133","2","16.3","null"
"240","2014","42091","Montgomery","Non-Motorized","N/A","5","0.1","0.6","23","0.4","2.8","28","0.5","3.4","null"
"241","2014","42101","Philadelphia","All","N/A","97","1.7","6.2","257","4.6","16.4","354","6.3","22.6","364"
"242","2014","42101","Philadelphia","Motorized","N/A","56","1","3.6","189","3.4","12.1","245","4.4","15.7","null"
"243","2014","42101","Philadelphia","Non-Motorized","N/A","41","0.7","2.6","68","1.2","4.3","109","1.9","6.9","null"
"244","2015","42017","Bucks","All","N/A","55","1.2","8.8","132","2.8","21.1","187","4","29.9","180.8"
"245","2015","42017","Bucks","Motorized","N/A","46","1","7.4","117","2.5","18.7","163","3.5","26.1","null"
"246","2015","42017","Bucks","Non-Motorized","N/A","9","0.2","1.4","15","0.3","2.4","24","0.5","3.8","null"
"247","2015","34005","Burlington","All","Official","52","1.1","11.6","71","1.5","15.9","123","2.6","27.5","130.8"
"248","2015","34005","Burlington","Motorized","Official","38","0.8","8.5","67","1.4","15","105","2.2","23.5","null"
"249","2015","34005","Burlington","Non-Motorized","Official","14","0.3","3.1","4","0.1","0.9","18","0.4","4","null"
"250","2015","34007","Camden","All","Official","37","0.9","7.3","77","1.9","15.2","114","2.8","22.5","129.4"
"251","2015","34007","Camden","Motorized","Official","31","0.8","6.1","66","1.6","13","97","2.4","19.1","null"
"252","2015","34007","Camden","Non-Motorized","Official","6","0.1","1.2","11","0.3","2.2","17","0.4","3.4","null"
"253","2015","42029","Chester","All","N/A","35","0.8","6.8","104","2.5","20.2","139","3.3","27","142.4"
"254","2015","42029","Chester","Motorized","N/A","31","0.7","6","89","2.1","17.3","120","2.8","23.3","null"
"255","2015","42029","Chester","Non-Motorized","N/A","4","0.1","0.8","15","0.4","2.9","19","0.5","3.7","null"
"256","2015","42045","Delaware","All","N/A","21","0.7","3.8","82","2.6","14.6","103","3.3","18.4","113.2"
"257","2015","42045","Delaware","Motorized","N/A","19","0.6","3.4","60","1.9","10.7","79","2.5","14.1","null"
"258","2015","42045","Delaware","Non-Motorized","N/A","2","0.1","0.4","22","0.7","3.9","24","0.8","4.3","null"
"259","2015","34015","Gloucester","All","Official","23","0.8","7.9","65","2.3","22.4","88","3.1","30.3","100.8"
"260","2015","34015","Gloucester","Motorized","Official","18","0.6","6.2","54","1.9","18.6","72","2.5","24.8","null"
"261","2015","34015","Gloucester","Non-Motorized","Official","5","0.2","1.7","11","0.4","3.8","16","0.6","5.5","null"
"262","2015","34021","Mercer","All","Official","24","0.7","6.5","29","0.8","7.8","53","1.5","14.3","65.4"
"263","2015","34021","Mercer","Motorized","Official","18","0.5","4.9","27","0.7","7.3","45","1.2","12.2","null"
"264","2015","34021","Mercer","Non-Motorized","Official","6","0.2","1.6","2","0.1","0.5","8","0.3","2.1","null"
"265","2015","42091","Montgomery","All","N/A","35","0.5","4.3","143","2.2","17.5","178","2.7","21.8","185.6"
"266","2015","42091","Montgomery","Motorized","N/A","26","0.4","3.2","123","1.9","15.1","149","2.3","18.3","null"
"267","2015","42091","Montgomery","Non-Motorized","N/A","9","0.1","1.1","20","0.3","2.4","29","0.4","3.5","null"
"268","2015","42101","Philadelphia","All","N/A","94","1.7","6","275","4.9","17.5","369","6.6","23.5","366.2"
"269","2015","42101","Philadelphia","Motorized","N/A","61","1.1","3.9","185","3.3","11.8","246","4.4","15.7","null"
"270","2015","42101","Philadelphia","Non-Motorized","N/A","33","0.6","2.1","90","1.6","5.7","123","2.2","7.8","null"
"271","2016","42017","Bucks","All","N/A","52","1.1","8.3","186","4","29.7","238","5.1","38","188.4"
"272","2016","42017","Bucks","Motorized","N/A","44","0.9","7","174","3.7","27.8","218","4.6","34.8","null"
"273","2016","42017","Bucks","Non-Motorized","N/A","8","0.2","1.3","12","0.3","1.9","20","0.5","3.2","null"
"274","2016","34005","Burlington","All","Official","54","1.1","12.1","66","1.3","14.8","120","2.4","26.9","124.6"
"275","2016","34005","Burlington","Motorized","Official","38","0.8","8.5","55","1.1","12.3","93","1.9","20.8","null"
"276","2016","34005","Burlington","Non-Motorized","Official","16","0.3","3.6","11","0.2","2.5","27","0.5","6.1","null"
"277","2016","34007","Camden","All","Official","41","1","8.1","76","1.8","15","117","2.8","23.1","121.2"
"278","2016","34007","Camden","Motorized","Official","26","0.6","5.1","59","1.4","11.6","85","2","16.7","null"
"279","2016","34007","Camden","Non-Motorized","Official","15","0.4","3","17","0.4","3.4","32","0.8","6.4","null"
"280","2016","42029","Chester","All","N/A","24","0.6","4.7","151","3.5","29.2","175","4.1","33.9","146"
"281","2016","42029","Chester","Motorized","N/A","20","0.5","3.9","135","3.1","26.1","155","3.6","30","null"
"282","2016","42029","Chester","Non-Motorized","N/A","4","0.1","0.8","16","0.4","3.1","20","0.5","3.9","null"
"283","2016","42045","Delaware","All","N/A","29","0.8","5.1","144","4.2","25.5","173","5","30.6","122.4"
"284","2016","42045","Delaware","Motorized","N/A","22","0.6","3.9","119","3.5","21.1","141","4.1","25","null"
"285","2016","42045","Delaware","Non-Motorized","N/A","7","0.2","1.2","25","0.7","4.4","32","0.9","5.6","null"
"286","2016","34015","Gloucester","All","Official","27","0.9","9.3","58","1.9","20","85","2.8","29.3","95.6"
"287","2016","34015","Gloucester","Motorized","Official","19","0.6","6.5","52","1.7","17.9","71","2.3","24.4","null"
"288","2016","34015","Gloucester","Non-Motorized","Official","8","0.3","2.8","6","0.2","2.1","14","0.5","4.9","null"
"289","2016","34021","Mercer","All","Official","21","0.6","5.7","35","0.9","9.5","56","1.5","15.2","60.4"
"290","2016","34021","Mercer","Motorized","Official","11","0.3","3","34","0.9","9.2","45","1.2","12.2","null"
"291","2016","34021","Mercer","Non-Motorized","Official","10","0.3","2.7","1","0","0.3","11","0.3","3","null"
"292","2016","42091","Montgomery","All","N/A","32","0.5","3.9","213","3.3","26","245","3.8","29.9","197.4"
"293","2016","42091","Montgomery","Motorized","N/A","27","0.4","3.3","174","2.7","21.2","201","3.1","24.5","null"
"294","2016","42091","Montgomery","Non-Motorized","N/A","5","0.1","0.6","39","0.6","4.8","44","0.7","5.4","null"
"295","2016","42101","Philadelphia","All","N/A","101","1.9","6.4","301","5.4","19.1","402","7.3","25.5","373.8"
"296","2016","42101","Philadelphia","Motorized","N/A","54","1","3.4","211","3.8","13.4","265","4.8","16.8","null"
"297","2016","42101","Philadelphia","Non-Motorized","N/A","47","0.9","3","90","1.6","5.7","137","2.5","8.7","null"
"298","2017","42017","Bucks","All","N/A","50","1","8","188","4","30","238","5","38","192.2"
"299","2017","42017","Bucks","Motorized","N/A","35","0.7","5.6","165","3.5","26.3","200","4.2","31.9","null"
"300","2017","42017","Bucks","Non-Motorized","N/A","15","0.3","2.4","23","0.5","3.7","38","0.8","6.1","null"
"301","2017","34005","Burlington","All","Official","51","1.1","11.4","57","1.1","12.7","108","2.2","24.1","114.4"
"302","2017","34005","Burlington","Motorized","Official","38","0.8","8.5","55","1.1","12.3","93","1.9","20.8","null"
"303","2017","34005","Burlington","Non-Motorized","Official","13","0.3","2.9","2","0","0.4","15","0.3","3.3","null"
"304","2017","34007","Camden","All","Official","47","1.2","9.3","109","2.7","21.6","156","3.9","30.9","122.8"
"305","2017","34007","Camden","Motorized","Official","32","0.8","6.3","98","2.4","19.4","130","3.2","25.7","null"
"306","2017","34007","Camden","Non-Motorized","Official","15","0.4","3","11","0.3","2.2","26","0.7","5.2","null"
"307","2017","42029","Chester","All","N/A","35","0.7","6.8","125","2.8","24.1","160","3.5","30.9","150"
"308","2017","42029","Chester","Motorized","N/A","33","0.7","6.4","112","2.5","21.6","145","3.2","28","null"
"309","2017","42029","Chester","Non-Motorized","N/A","2","0","0.4","13","0.3","2.5","15","0.3","2.9","null"
"310","2017","42045","Delaware","All","N/A","25","0.7","4.4","165","4.8","29.3","190","5.5","33.7","137.8"
"311","2017","42045","Delaware","Motorized","N/A","18","0.5","3.2","134","3.9","23.8","152","4.4","27","null"
"312","2017","42045","Delaware","Non-Motorized","N/A","7","0.2","1.2","31","0.9","5.5","38","1.1","6.7","null"
"313","2017","34015","Gloucester","All","Official","46","1.5","15.8","65","2.1","22.3","111","3.6","38.1","98.2"
"314","2017","34015","Gloucester","Motorized","Official","36","1.2","12.4","60","1.9","20.6","96","3.1","33","null"
"315","2017","34015","Gloucester","Non-Motorized","Official","10","0.3","3.4","5","0.2","1.7","15","0.5","5.1","null"
"316","2017","34021","Mercer","All","Official","29","0.8","7.9","44","1.2","12","73","2","19.9","61"
"317","2017","34021","Mercer","Motorized","Official","17","0.5","4.6","36","1","9.8","53","1.5","14.4","null"
"318","2017","34021","Mercer","Non-Motorized","Official","12","0.3","3.3","8","0.2","2.2","20","0.5","5.5","null"
"319","2017","42091","Montgomery","All","N/A","41","0.6","4.9","214","3.3","26","255","3.9","30.9","208"
"320","2017","42091","Montgomery","Motorized","N/A","35","0.5","4.2","177","2.7","21.5","212","3.2","25.7","null"
"321","2017","42091","Montgomery","Non-Motorized","N/A","6","0.1","0.7","37","0.6","4.5","43","0.7","5.2","null"
"322","2017","42101","Philadelphia","All","N/A","94","1.7","6","277","5","17.6","371","6.7","23.6","368.4"
"323","2017","42101","Philadelphia","Motorized","N/A","55","1","3.5","178","3.2","11.3","233","4.2","14.8","null"
"324","2017","42101","Philadelphia","Non-Motorized","N/A","39","0.7","2.5","99","1.8","6.3","138","2.5","8.8","null"
"325","2018","42017","Bucks","All","N/A","54","1.2","8.6","204","4.3","32.5","258","5.5","41.1","210"
"326","2018","42017","Bucks","Motorized","N/A","40","0.9","6.4","174","3.7","27.7","214","4.6","34.1","null"
"327","2018","42017","Bucks","Non-Motorized","N/A","14","0.3","2.2","30","0.6","4.8","44","0.9","7","null"
"328","2018","34005","Burlington","All","Official","43","0.8","9.7","63","1.3","14.2","106","2.1","23.9","109.2"
"329","2018","34005","Burlington","Motorized","Official","31","0.6","7","52","1.1","11.7","83","1.7","18.7","null"
"330","2018","34005","Burlington","Non-Motorized","Official","12","0.2","2.7","11","0.2","2.5","23","0.4","5.2","null"
"331","2018","34007","Camden","All","Official","49","1.2","9.7","101","2.5","20","150","3.7","29.7","127"
"332","2018","34007","Camden","Motorized","Official","37","0.9","7.3","85","2.1","16.8","122","3","24.1","null"
"333","2018","34007","Camden","Non-Motorized","Official","12","0.3","2.4","16","0.4","3.2","28","0.7","5.6","null"
"334","2018","42029","Chester","All","N/A","46","1","8.9","153","3.5","29.3","199","4.5","38.2","162.6"
"335","2018","42029","Chester","Motorized","N/A","41","0.9","7.9","137","3.1","26.2","178","4","34.1","null"
"336","2018","42029","Chester","Non-Motorized","N/A","5","0.1","1","16","0.4","3.1","21","0.5","4.1","null"
"337","2018","42045","Delaware","All","N/A","19","0.6","3.4","155","4.6","27.4","174","5.2","30.8","146.4"
"338","2018","42045","Delaware","Motorized","N/A","13","0.4","2.3","135","4","23.9","148","4.4","26.2","null"
"339","2018","42045","Delaware","Non-Motorized","N/A","6","0.2","1.1","20","0.6","3.5","26","0.8","4.6","null"
"340","2018","34015","Gloucester","All","Official","40","1.3","13.7","46","1.5","15.8","86","2.8","29.5","94.8"
"341","2018","34015","Gloucester","Motorized","Official","33","1.1","11.3","41","1.3","14.1","74","2.4","25.4","null"
"342","2018","34015","Gloucester","Non-Motorized","Official","7","0.2","2.4","5","0.2","1.7","12","0.4","4.1","null"
"343","2018","34021","Mercer","All","Official","29","0.8","7.8","58","1.6","15.7","87","2.4","23.5","65.8"
"344","2018","34021","Mercer","Motorized","Official","16","0.4","4.3","45","1.2","12.2","61","1.6","16.5","null"
"345","2018","34021","Mercer","Non-Motorized","Official","13","0.4","3.5","13","0.4","3.5","26","0.8","7","null"
"346","2018","42091","Montgomery","All","N/A","50","0.8","6","233","3.5","28.2","283","4.3","34.2","224.4"
"347","2018","42091","Montgomery","Motorized","N/A","31","0.5","3.7","196","2.9","23.7","227","3.4","27.4","null"
"348","2018","42091","Montgomery","Non-Motorized","N/A","19","0.3","2.3","37","0.6","4.5","56","0.9","6.8","null"
"349","2018","42101","Philadelphia","All","N/A","103","1.8","6.5","269","4.8","17","372","6.6","23.5","373.6"
"350","2018","42101","Philadelphia","Motorized","N/A","57","1","3.6","172","3.1","10.9","229","4.1","14.5","null"
"351","2018","42101","Philadelphia","Non-Motorized","N/A","46","0.8","2.9","97","1.7","6.1","143","2.5","9","null"
"352","2019","42017","Bucks","All","N/A","48","1","7.7","236","4.9","37.6","284","5.9","45.3","241"
"353","2019","42017","Bucks","Motorized","N/A","35","0.7","5.6","201","4.2","32","236","4.9","37.6","null"
"354","2019","42017","Bucks","Non-Motorized","N/A","13","0.3","2.1","35","0.7","5.6","48","1","7.7","null"
"355","2019","34005","Burlington","All","Official","32","0.6","7.2","121","2.4","27.2","153","3","34.4","122"
"356","2019","34005","Burlington","Motorized","Official","25","0.5","5.6","105","2.1","23.6","130","2.6","29.2","null"
"357","2019","34005","Burlington","Non-Motorized","Official","7","0.1","1.6","16","0.3","3.6","23","0.4","5.2","null"
"358","2019","34007","Camden","All","Official","50","1.2","9.8","149","3.6","29.4","199","4.8","39.2","147.2"
"359","2019","34007","Camden","Motorized","Official","25","0.6","4.9","124","3","24.5","149","3.6","29.4","null"
"360","2019","34007","Camden","Non-Motorized","Official","25","0.6","4.9","25","0.6","4.9","50","1.2","9.8","null"
"361","2019","42029","Chester","All","N/A","29","0.6","5.6","149","3.4","28.4","178","4","34","170.2"
"362","2019","42029","Chester","Motorized","N/A","24","0.5","4.6","131","3","25","155","3.5","29.6","null"
"363","2019","42029","Chester","Non-Motorized","N/A","5","0.1","1","18","0.4","3.4","23","0.5","4.4","null"
"364","2019","42045","Delaware","All","N/A","32","0.9","5.6","148","4.3","26.1","180","5.2","31.7","164"
"365","2019","42045","Delaware","Motorized","N/A","20","0.6","3.5","116","3.4","20.5","136","4","24","null"
"366","2019","42045","Delaware","Non-Motorized","N/A","12","0.3","2.1","32","0.9","5.6","44","1.2","7.7","null"
"367","2019","34015","Gloucester","All","Official","42","1.4","14.4","137","4.4","47","179","5.8","61.4","109.8"
"368","2019","34015","Gloucester","Motorized","Official","30","1","10.3","124","4","42.5","154","5","52.8","null"
"369","2019","34015","Gloucester","Non-Motorized","Official","12","0.4","4.1","13","0.4","4.5","25","0.8","8.6","null"
"370","2019","34021","Mercer","All","Official","24","0.6","6.6","96","2.6","26.1","120","3.2","32.7","77.8"
"371","2019","34021","Mercer","Motorized","Official","12","0.3","3.3","68","1.8","18.5","80","2.1","21.8","null"
"372","2019","34021","Mercer","Non-Motorized","Official","12","0.3","3.3","28","0.8","7.6","40","1.1","10.9","null"
"373","2019","42091","Montgomery","All","N/A","31","0.5","3.7","225","3.3","27.1","256","3.8","30.8","243.4"
"374","2019","42091","Montgomery","Motorized","N/A","24","0.4","2.9","191","2.8","23","215","3.2","25.9","null"
"375","2019","42091","Montgomery","Non-Motorized","N/A","7","0.1","0.8","34","0.5","4.1","41","0.6","4.9","null"
"376","2019","42101","Philadelphia","All","N/A","91","1.7","5.8","453","8.1","28.6","544","9.8","34.4","411.6"
"377","2019","42101","Philadelphia","Motorized","N/A","60","1.1","3.8","307","5.5","19.4","367","6.6","23.2","null"
"378","2019","42101","Philadelphia","Non-Motorized","N/A","31","0.6","2","146","2.6","9.2","177","3.2","11.2","null"
"379","2020","42017","Bucks","All","N/A","51","1.3","7.9","163","4.2","25.3","214","5.5","33.2","246.4"
"380","2020","42017","Bucks","Motorized","N/A","43","1.1","6.7","147","3.8","22.8","190","4.9","29.5","null"
"381","2020","42017","Bucks","Non-Motorized","N/A","8","0.2","1.2","16","0.4","2.5","24","0.6","3.7","null"
"382","2020","34005","Burlington","All","Official","43","1","9.3","117","2.8","25.3","160","3.8","34.6","129.4"
"383","2020","34005","Burlington","Motorized","Official","31","0.7","6.7","105","2.5","22.7","136","3.2","29.4","null"
"384","2020","34005","Burlington","Non-Motorized","Official","12","0.3","2.6","12","0.3","2.6","24","0.6","5.2","null"
"385","2020","34007","Camden","All","Official","39","1.1","7.5","184","5","35.2","223","6.1","42.7","169"
"386","2020","34007","Camden","Motorized","Official","25","0.7","4.8","146","4","27.9","171","4.7","32.7","null"
"387","2020","34007","Camden","Non-Motorized","Official","14","0.4","2.7","38","1","7.3","52","1.4","10","null"
"388","2020","42029","Chester","All","N/A","33","0.9","6.1","155","4.4","29","188","5.3","35.1","180"
"389","2020","42029","Chester","Motorized","N/A","28","0.8","5.2","141","4","26.4","169","4.8","31.6","null"
"390","2020","42029","Chester","Non-Motorized","N/A","5","0.1","0.9","14","0.4","2.6","19","0.5","3.5","null"
"391","2020","42045","Delaware","All","N/A","29","1.1","5","218","8.1","37.9","247","9.2","42.9","192.8"
"392","2020","42045","Delaware","Motorized","N/A","26","1","4.5","194","7.2","33.7","220","8.2","38.2","null"
"393","2020","42045","Delaware","Non-Motorized","N/A","3","0.1","0.5","24","0.9","4.2","27","1","4.7","null"
"394","2020","34015","Gloucester","All","Official","34","1.3","11.2","155","5.8","51.3","189","7.1","62.5","130"
"395","2020","34015","Gloucester","Motorized","Official","26","1","8.6","140","5.2","46.3","166","6.2","54.9","null"
"396","2020","34015","Gloucester","Non-Motorized","Official","8","0.3","2.6","15","0.6","5","23","0.9","7.6","null"
"397","2020","34021","Mercer","All","Official","23","0.7","5.9","88","2.8","22.8","111","3.5","28.7","89.4"
"398","2020","34021","Mercer","Motorized","Official","16","0.5","4.1","75","2.4","19.4","91","2.9","23.5","null"
"399","2020","34021","Mercer","Non-Motorized","Official","7","0.2","1.8","13","0.4","3.4","20","0.6","5.2","null"
"400","2020","42091","Montgomery","All","N/A","36","0.7","4.3","189","3.5","22","225","4.2","26.3","252.8"
"401","2020","42091","Montgomery","Motorized","N/A","27","0.5","3.2","164","3","19.1","191","3.5","22.3","null"
"402","2020","42091","Montgomery","Non-Motorized","N/A","9","0.2","1.1","25","0.5","2.9","34","0.7","4","null"
"403","2020","42101","Philadelphia","All","N/A","166","3.7","10.4","455","10","28.5","621","13.7","38.9","462"
"404","2020","42101","Philadelphia","Motorized","N/A","112","2.5","7","345","7.6","21.6","457","10.1","28.6","null"
"405","2020","42101","Philadelphia","Non-Motorized","N/A","54","1.2","3.4","110","2.4","6.9","164","3.6","10.3","null"
"406","2021","42017","Bucks","All","N/A","55","1.2","8.5","191","4.1","29.5","246","5.3","38","248"
"407","2021","42017","Bucks","Motorized","N/A","37","0.8","5.7","163","3.5","25.2","200","4.3","30.9","null"
"408","2021","42017","Bucks","Non-Motorized","N/A","18","0.4","2.8","28","0.6","4.3","46","1","7.1","null"
"409","2021","34005","Burlington","All","Official","37","0.7","8","163","3.4","35.1","200","4.1","43.1","145.4"
"410","2021","34005","Burlington","Motorized","Official","25","0.5","5.4","144","3","31","169","3.5","36.4","null"
"411","2021","34005","Burlington","Non-Motorized","Official","12","0.2","2.6","19","0.4","4.1","31","0.6","6.7","null"
"412","2021","34007","Camden","All","Official","72","1.8","13.7","182","4.6","34.7","254","6.4","48.4","196.4"
"413","2021","34007","Camden","Motorized","Official","33","0.8","6.3","159","4","30.3","192","4.8","36.6","null"
"414","2021","34007","Camden","Non-Motorized","Official","39","1","7.4","23","0.6","4.4","62","1.6","11.8","null"
"415","2021","42029","Chester","All","N/A","34","0.8","6.3","124","2.9","22.9","158","3.7","29.2","176.6"
"416","2021","42029","Chester","Motorized","N/A","31","0.7","5.7","116","2.7","21.4","147","3.4","27.1","null"
"417","2021","42029","Chester","Non-Motorized","N/A","3","0.1","0.6","8","0.2","1.5","11","0.3","2.1","null"
"418","2021","42045","Delaware","All","N/A","25","0.7","4.4","203","5.9","35.2","228","6.6","39.6","203.8"
"419","2021","42045","Delaware","Motorized","N/A","20","0.6","3.5","164","4.8","28.4","184","5.4","31.9","null"
"420","2021","42045","Delaware","Non-Motorized","N/A","5","0.1","0.9","39","1.1","6.8","44","1.2","7.7","null"
"421","2021","34015","Gloucester","All","Official","49","1.7","16.1","163","5.4","53.5","212","7.1","69.6","155.4"
"422","2021","34015","Gloucester","Motorized","Official","38","1.3","12.5","135","4.5","44.3","173","5.8","56.8","null"
"423","2021","34015","Gloucester","Non-Motorized","Official","11","0.4","3.6","28","0.9","9.2","39","1.3","12.8","null"
"424","2021","34021","Mercer","All","Official","41","1.1","10.7","110","3.2","28.7","151","4.3","39.4","108.4"
"425","2021","34021","Mercer","Motorized","Official","26","0.7","6.8","93","2.7","24.3","119","3.4","31.1","null"
"426","2021","34021","Mercer","Non-Motorized","Official","15","0.4","3.9","17","0.5","4.4","32","0.9","8.3","null"
"427","2021","42091","Montgomery","All","N/A","39","0.5","4.5","250","3.7","28.9","289","4.2","33.4","261.6"
"428","2021","42091","Montgomery","Motorized","N/A","30","0.4","3.5","216","3.2","25","246","3.6","28.5","null"
"429","2021","42091","Montgomery","Non-Motorized","N/A","9","0.1","1","34","0.5","3.9","43","0.6","4.9","null"
"430","2021","42101","Philadelphia","All","N/A","133","2.3","8.4","493","8.3","31.1","626","10.6","39.5","506.8"
"431","2021","42101","Philadelphia","Motorized","N/A","81","1.4","5.1","349","5.9","22","430","7.3","27.1","null"
"432","2021","42101","Philadelphia","Non-Motorized","N/A","52","0.9","3.3","144","2.4","9.1","196","3.3","12.4","null"
"433","2022","42017","Bucks","All","N/A","52","1.2","8","221","5","34.3","273","6.2","42.3","255"
"434","2022","42017","Bucks","Motorized","N/A","44","1","6.8","199","4.5","30.9","243","5.5","37.7","null"
"435","2022","42017","Bucks","Non-Motorized","N/A","8","0.2","1.2","22","0.5","3.4","30","0.7","4.6","null"
"436","2022","34005","Burlington","All","Official","68","1.4","14.5","239","4.9","51.3","307","6.3","65.8","185.2"
"437","2022","34005","Burlington","Motorized","Official","44","0.9","9.4","206","4.2","44.2","250","5.1","53.6","null"
"438","2022","34005","Burlington","Non-Motorized","Official","24","0.5","5.1","33","0.7","7.1","57","1.2","12.2","null"
"439","2022","34007","Camden","All","Official","53","1.3","10.1","199","5","37.9","252","6.3","48","215.6"
"440","2022","34007","Camden","Motorized","Official","28","0.7","5.3","155","3.9","29.5","183","4.6","34.8","null"
"441","2022","34007","Camden","Non-Motorized","Official","25","0.6","4.8","44","1.1","8.4","69","1.7","13.2","null"
"442","2022","42029","Chester","All","N/A","27","0.6","5","145","3.6","26.6","172","4.2","31.6","179"
"443","2022","42029","Chester","Motorized","N/A","26","0.6","4.8","126","3.1","23.1","152","3.7","27.9","null"
"444","2022","42029","Chester","Non-Motorized","N/A","1","0","0.2","19","0.5","3.5","20","0.5","3.7","null"
"445","2022","42045","Delaware","All","N/A","26","0.9","4.6","167","5.6","29.1","193","6.5","33.7","204.4"
"446","2022","42045","Delaware","Motorized","N/A","17","0.6","3","128","4.3","22.3","145","4.9","25.3","null"
"447","2022","42045","Delaware","Non-Motorized","N/A","9","0.3","1.6","39","1.3","6.8","48","1.6","8.4","null"
"448","2022","34015","Gloucester","All","Official","39","1.2","12.7","161","5.2","52.5","200","6.4","65.2","173.2"
"449","2022","34015","Gloucester","Motorized","Official","32","1","10.4","142","4.6","46.3","174","5.6","56.7","null"
"450","2022","34015","Gloucester","Non-Motorized","Official","7","0.2","2.3","19","0.6","6.2","26","0.8","8.5","null"
"451","2022","34021","Mercer","All","Official","27","0.8","7.1","101","2.9","26.6","128","3.7","33.7","119.4"
"452","2022","34021","Mercer","Motorized","Official","14","0.4","3.7","84","2.4","22.1","98","2.8","25.8","null"
"453","2022","34021","Mercer","Non-Motorized","Official","13","0.4","3.4","17","0.5","4.5","30","0.9","7.9","null"
"454","2022","42091","Montgomery","All","N/A","51","0.8","5.9","244","4","28.2","295","4.8","34.1","269.6"
"455","2022","42091","Montgomery","Motorized","N/A","39","0.6","4.5","211","3.5","24.4","250","4.1","28.9","null"
"456","2022","42091","Montgomery","Non-Motorized","N/A","12","0.2","1.4","33","0.5","3.8","45","0.7","5.2","null"
"457","2022","42101","Philadelphia","All","N/A","143","2.6","9.1","419","7.6","26.7","562","10.2","35.8","545"
"458","2022","42101","Philadelphia","Motorized","N/A","76","1.4","4.8","271","4.9","17.3","347","6.3","22.1","null"
"459","2022","42101","Philadelphia","Non-Motorized","N/A","67","1.2","4.3","148","2.7","9.4","215","3.9","13.7","null"
"460","2023","42017","Bucks","All","N/A","54","null","8.4","196","null","30.4","250","null","38.8","253.4"
"461","2023","42017","Bucks","Motorized","N/A","43","null","6.7","175","null","27.1","218","null","33.8","null"
"462","2023","42017","Bucks","Non-Motorized","N/A","11","null","1.7","21","null","3.3","32","null","5","null"
"463","2023","34005","Burlington","All","Unofficial","36","null","7.7","97","null","20.7","133","null","28.4","190.6"
"464","2023","34005","Burlington","Motorized","Unofficial","29","null","6.2","76","null","16.2","105","null","22.4","null"
"465","2023","34005","Burlington","Non-Motorized","Unofficial","7","null","1.5","21","null","4.5","28","null","6","null"
"466","2023","34007","Camden","All","Unofficial","41","null","7.7","64","null","12.1","105","null","19.8","206.6"
"467","2023","34007","Camden","Motorized","Unofficial","25","null","4.7","44","null","8.3","69","null","13","null"
"468","2023","34007","Camden","Non-Motorized","Unofficial","16","null","3","20","null","3.8","36","null","6.8","null"
"469","2023","42029","Chester","All","N/A","33","null","6","128","null","23.3","161","null","29.3","171.4"
"470","2023","42029","Chester","Motorized","N/A","28","null","5.1","110","null","20","138","null","25.1","null"
"471","2023","42029","Chester","Non-Motorized","N/A","5","null","0.9","18","null","3.3","23","null","4.2","null"
"472","2023","42045","Delaware","All","N/A","25","null","4.3","189","null","32.8","214","null","37.1","212.4"
"473","2023","42045","Delaware","Motorized","N/A","18","null","3.1","143","null","24.8","161","null","27.9","null"
"474","2023","42045","Delaware","Non-Motorized","N/A","7","null","1.2","46","null","8","53","null","9.2","null"
"475","2023","34015","Gloucester","All","Unofficial","34","null","11","71","null","23.1","105","null","34.1","177"
"476","2023","34015","Gloucester","Motorized","Unofficial","28","null","9.1","60","null","19.5","88","null","28.6","null"
"477","2023","34015","Gloucester","Non-Motorized","Unofficial","6","null","1.9","11","null","3.6","17","null","5.5","null"
"478","2023","34021","Mercer","All","Unofficial","31","null","8.1","51","null","13.3","82","null","21.4","118.4"
"479","2023","34021","Mercer","Motorized","Unofficial","19","null","5","36","null","9.4","55","null","14.4","null"
"480","2023","34021","Mercer","Non-Motorized","Unofficial","12","null","3.1","15","null","3.9","27","null","7","null"
"481","2023","42091","Montgomery","All","N/A","48","null","5.5","248","null","28.5","296","null","34","272.2"
"482","2023","42091","Montgomery","Motorized","N/A","34","null","3.9","201","null","23.1","235","null","27","null"
"483","2023","42091","Montgomery","Non-Motorized","N/A","14","null","1.6","47","null","5.4","61","null","7","null"
"484","2023","42101","Philadelphia","All","N/A","135","null","8.7","488","null","31.5","623","null","40.2","595.2"
"485","2023","42101","Philadelphia","Motorized","N/A","68","null","4.4","324","null","20.9","392","null","25.3","null"
"486","2023","42101","Philadelphia","Non-Motorized","N/A","67","null","4.3","164","null","10.6","231","null","14.9","null"